model_name,asset_symbol,timestamp,predicted_value,real_value
PSOQRNN,^GSPC,2026-06-04 19:15:00,0.001012739,0.0010665194
PSOQRNN,^GSPC,2026-06-04 19:30:00,0.001042625,0.0010677434
PSOQRNN,^GSPC,2026-06-04 19:45:00,0.001050023,0.0010697852
PSOQRNN,^GSPC,2026-06-05 13:30:00,0.001145836,0.0012204254
PSOQRNN,^GSPC,2026-06-05 13:45:00,0.0012703825,0.0012287132
PSOQRNN,^GSPC,2026-06-05 14:00:00,0.0012077601,0.0012347498
PSOQRNN,^GSPC,2026-06-05 14:15:00,0.0012695645,0.0012357143
PSOQRNN,^GSPC,2026-06-05 14:30:00,0.0012438011,0.0012359689
PSOQRNN,^GSPC,2026-06-05 14:45:00,0.00124375,0.0012362506
PSOQRNN,^GSPC,2026-06-05 15:00:00,0.0012859902,0.0012373062
PSOQRNN,^GSPC,2026-06-05 15:15:00,0.0012568851,0.0012295226
PSOQRNN,^GSPC,2026-06-05 15:30:00,0.001281302,0.0012322842
PSOQRNN,^GSPC,2026-06-05 15:45:00,0.0012465462,0.0012322445
PSOQRNN,^GSPC,2026-06-05 16:00:00,0.0012717167,0.0012339728
PSOQRNN,^GSPC,2026-06-05 16:15:00,0.0012664489,0.0012350805
PSOQRNN,^GSPC,2026-06-05 16:30:00,0.0012839912,0.00124172
PSOQRNN,^GSPC,2026-06-05 16:45:00,0.001227386,0.0012277712
PSOQRNN,^GSPC,2026-06-05 17:00:00,0.0012679099,0.001224846
PSOQRNN,^GSPC,2026-06-05 17:15:00,0.0012249004,0.0012258181
PSOQRNN,^GSPC,2026-06-05 17:30:00,0.0012453317,0.0012257816
PSOQRNN,^GSPC,2026-06-05 17:45:00,0.0012193172,0.0012274903
PSOQRNN,^GSPC,2026-06-05 18:00:00,0.0012946585,0.0011831593
PSOQRNN,^GSPC,2026-06-05 18:15:00,0.0012197908,0.0011880854
PSOQRNN,^GSPC,2026-06-05 18:30:00,0.0012135473,0.0011789028
PSOQRNN,^GSPC,2026-06-05 18:45:00,0.0012026526,0.0011806586
PSOQRNN,^GSPC,2026-06-05 19:00:00,0.0012356731,0.0011929153
PSOQRNN,^GSPC,2026-06-05 19:15:00,0.001168368,0.0011982223
PSOQRNN,^GSPC,2026-06-05 19:30:00,0.0012222753,0.0011981959
PSOQRNN,^GSPC,2026-06-05 19:45:00,0.0012223037,0.0011967059
PSOQRNN,^GSPC,2026-06-08 13:30:00,0.001051888,0.0012851608
PSOQRNN,^GSPC,2026-06-08 13:45:00,0.0013409319,0.0012935963
PSOQRNN,^GSPC,2026-06-08 14:00:00,0.0012972996,0.0012953742
PSOQRNN,^GSPC,2026-06-08 14:15:00,0.0012969684,0.0012977049
PSOQRNN,^GSPC,2026-06-08 14:30:00,0.0013171972,0.0012975449
PSOQRNN,^GSPC,2026-06-08 14:45:00,0.001266667,0.0013126099
PSOQRNN,^GSPC,2026-06-08 15:00:00,0.0013374473,0.0013122451
PSOQRNN,^GSPC,2026-06-08 15:15:00,0.0013620266,0.0013148045
PSOQRNN,^GSPC,2026-06-08 15:30:00,0.001328554,0.0013137632
PSOQRNN,^GSPC,2026-06-08 15:45:00,0.00135298,0.001314797
PSOQRNN,^GSPC,2026-06-08 16:00:00,0.0013285419,0.0013151593
PSOQRNN,^GSPC,2026-06-08 16:15:00,0.0013528089,0.0013169807
PSOQRNN,^GSPC,2026-06-08 16:30:00,0.0013406464,0.0013170061
PSOQRNN,^GSPC,2026-06-08 16:45:00,0.0013393901,0.001316938
PSOQRNN,^GSPC,2026-06-08 17:00:00,0.0013597151,0.0013185979
PSOQRNN,^GSPC,2026-06-08 17:15:00,0.0013162591,0.0013205413
PSOQRNN,^GSPC,2026-06-08 17:30:00,0.0013728092,0.0013276774
PSOQRNN,^GSPC,2026-06-08 17:45:00,0.0013341901,0.0013291162
PSOQRNN,^GSPC,2026-06-08 18:00:00,0.001347014,0.001261935
PSOQRNN,^GSPC,2026-06-08 18:15:00,0.0012645114,0.0012635001
PSOQRNN,^GSPC,2026-06-08 18:30:00,0.0013044322,0.0012644362
PSOQRNN,^GSPC,2026-06-08 18:45:00,0.0012831872,0.0012644073
PSOQRNN,^GSPC,2026-06-08 19:00:00,0.0013179528,0.0012709824
PSOQRNN,^GSPC,2026-06-08 19:15:00,0.0012949378,0.001269914
PSOQRNN,^GSPC,2026-06-08 19:30:00,0.0012850781,0.0012687925
PSOQRNN,^GSPC,2026-06-08 19:45:00,0.001289002,0.0012672379
PSOQRNN,^GSPC,2026-06-09 13:30:00,0.001129181,0.0013710893
PSOQRNN,^GSPC,2026-06-09 13:45:00,0.00140796,0.0013731814
PSOQRNN,^GSPC,2026-06-09 14:00:00,0.0014388396,0.001393237
PSOQRNN,^GSPC,2026-06-09 14:15:00,0.0014171714,0.0013913928
PSOQRNN,^GSPC,2026-06-09 14:30:00,0.0014505287,0.0014073207
PSOQRNN,^GSPC,2026-06-09 14:45:00,0.0014365861,0.0014090381
PSOQRNN,^GSPC,2026-06-09 15:00:00,0.0014269116,0.0014088171
PSOQRNN,^GSPC,2026-06-09 15:15:00,0.0015183234,0.001518582
PSOQRNN,^GSPC,2026-06-09 15:30:00,0.0014989988,0.0015204247
PSOQRNN,^GSPC,2026-06-09 15:45:00,0.0015516925,0.0015373221
PSOQRNN,^GSPC,2026-06-09 16:00:00,0.0015363167,0.0015372689
PSOQRNN,^GSPC,2026-06-09 16:15:00,0.0015410812,0.0015393714
PSOQRNN,^GSPC,2026-06-09 16:30:00,0.0015660678,0.0015565377
PSOQRNN,^GSPC,2026-06-09 16:45:00,0.0015114582,0.0015664728
PSOQRNN,^GSPC,2026-06-09 17:00:00,0.0015180694,0.0015770212
PSOQRNN,^GSPC,2026-06-09 17:15:00,0.0015236296,0.0015890269
PSOQRNN,^GSPC,2026-06-09 17:30:00,0.0015313568,0.0016001331
PSOQRNN,^GSPC,2026-06-09 17:45:00,0.0015797209,0.0016003764
PSOQRNN,^GSPC,2026-06-09 18:00:00,0.0015638344,0.0016003188
PSOQRNN,^GSPC,2026-06-09 18:15:00,0.001548364,0.0016054154
PSOQRNN,^GSPC,2026-06-09 18:30:00,0.0015854449,0.0016056462
PSOQRNN,^GSPC,2026-06-09 18:45:00,0.0015442352,0.0016175241
PSOQRNN,^GSPC,2026-06-09 19:00:00,0.0016063971,0.0016219714
PSOQRNN,^GSPC,2026-06-09 19:15:00,0.0015986739,0.001621789
PSOQRNN,^GSPC,2026-06-09 19:30:00,0.0016050211,0.0016245069
PSOQRNN,^GSPC,2026-06-09 19:45:00,0.0015347919,0.001660426
PSOQRNN,^GSPC,2026-06-10 13:30:00,0.0016322939,0.0016615819
PSOQRNN,^GSPC,2026-06-10 13:45:00,0.0016255174,0.001661566
PSOQRNN,^GSPC,2026-06-10 14:00:00,0.0016069452,0.0016629637
PSOQRNN,^GSPC,2026-06-10 14:15:00,0.0016120363,0.0016638829
PSOQRNN,^GSPC,2026-06-10 14:30:00,0.001641984,0.0016686264
PSOQRNN,^GSPC,2026-06-10 14:45:00,0.0016595874,0.0016845086
PSOQRNN,^GSPC,2026-06-10 15:00:00,0.0016643183,0.0016927955
PSOQRNN,^GSPC,2026-06-10 15:15:00,0.0016321413,0.0016940742
PSOQRNN,^GSPC,2026-06-10 15:30:00,0.0016341924,0.0016953712
PSOQRNN,^GSPC,2026-06-10 15:45:00,0.0016494002,0.0016952108
PSOQRNN,^GSPC,2026-06-10 16:00:00,0.0016668795,0.0017009475
PSOQRNN,^GSPC,2026-06-10 16:15:00,0.0016432023,0.0017003791
PSOQRNN,^GSPC,2026-06-10 16:30:00,0.0016452905,0.0017005511
PSOQRNN,^GSPC,2026-06-10 16:45:00,0.0016555305,0.0017009504
PSOQRNN,^GSPC,2026-06-10 17:00:00,0.0016669718,0.0017046771
PSOQRNN,^GSPC,2026-06-10 17:15:00,0.0016436419,0.0017056566
PSOQRNN,^GSPC,2026-06-10 17:30:00,0.00167377,0.0017107069
PSOQRNN,^GSPC,2026-06-10 17:45:00,0.0016207643,0.0017270611
PSOQRNN,^GSPC,2026-06-10 18:00:00,0.0016681885,0.0017255376
PSOQRNN,^GSPC,2026-06-10 18:15:00,0.0016830151,0.0017268597
PSOQRNN,^GSPC,2026-06-10 18:30:00,0.001682526,0.001709959
PSOQRNN,^GSPC,2026-06-10 18:45:00,0.0016700339,0.0017119668
PSOQRNN,^GSPC,2026-06-10 19:00:00,0.0016629962,0.0017121577
PSOQRNN,^GSPC,2026-06-10 19:15:00,0.0016699,0.0017132575
PSOQRNN,^GSPC,2026-06-10 19:30:00,0.0016430975,0.0017160745
PSOQRNN,^GSPC,2026-06-10 19:45:00,0.0016824855,0.0017204928
PSOQRNN,^GSPC,2026-06-11 13:30:00,0.0016408886,0.0017280156
PSOQRNN,^GSPC,2026-06-11 13:45:00,0.0016385993,0.001741195
PSOQRNN,^GSPC,2026-06-11 14:00:00,0.0017035811,0.0017472862
PSOQRNN,^GSPC,2026-06-11 14:15:00,0.0016725034,0.0017496337
PSOQRNN,^GSPC,2026-06-11 14:30:00,0.0016897962,0.001749626
PSOQRNN,^GSPC,2026-06-11 14:45:00,0.0017257972,0.0017672256
PSOQRNN,^GSPC,2026-06-11 15:00:00,0.0016778174,0.0017748292
PSOQRNN,^GSPC,2026-06-11 15:15:00,0.0017090574,0.0017748288
PSOQRNN,^GSPC,2026-06-11 15:30:00,0.0017017226,0.0017753507
PSOQRNN,^GSPC,2026-06-11 15:45:00,0.0017048924,0.0017754486
PSOQRNN,^GSPC,2026-06-11 16:00:00,0.0016862799,0.0017821086
PSOQRNN,^GSPC,2026-06-11 16:15:00,0.0017386926,0.0017885563
PSOQRNN,^GSPC,2026-06-11 16:30:00,0.0017101944,0.0017897659
PSOQRNN,^GSPC,2026-06-11 16:45:00,0.0017479515,0.0017981043
PSOQRNN,^GSPC,2026-06-11 17:00:00,0.001730286,0.0017980813
PSOQRNN,^GSPC,2026-06-11 17:15:00,0.0016430153,0.0018768159
PSOQRNN,^GSPC,2026-06-11 17:30:00,0.0017459899,0.0019066185
PSOQRNN,^GSPC,2026-06-11 17:45:00,0.0018476986,0.0019095722
PSOQRNN,^GSPC,2026-06-11 18:00:00,0.001842539,0.0018930904
PSOQRNN,^GSPC,2026-06-11 18:15:00,0.0018127451,0.0018929519
PSOQRNN,^GSPC,2026-06-11 18:30:00,0.0018078231,0.0018932183
PSOQRNN,^GSPC,2026-06-11 18:45:00,0.0018042105,0.0018941523
PSOQRNN,^GSPC,2026-06-11 19:00:00,0.0017994597,0.0018935438
PSOQRNN,^GSPC,2026-06-11 19:15:00,0.0018019915,0.0018939113
PSOQRNN,^GSPC,2026-06-11 19:30:00,0.0017950599,0.0018950716
PSOQRNN,^GSPC,2026-06-11 19:45:00,0.0018369727,0.001898289
PSOQRNN,^GSPC,2026-06-12 13:30:00,0.0018520019,0.0019071198
PSOQRNN,^GSPC,2026-06-12 13:45:00,0.0018174659,0.0019086751
PSOQRNN,^GSPC,2026-06-12 14:00:00,0.0017930542,0.0019212227
PSOQRNN,^GSPC,2026-06-12 14:15:00,0.001840447,0.001920854
PSOQRNN,^GSPC,2026-06-12 14:30:00,0.0018675505,0.0019243557
PSOQRNN,^GSPC,2026-06-12 14:45:00,0.0017839466,0.0019613097
PSOQRNN,^GSPC,2026-06-12 15:00:00,0.0018769923,0.0019623607
PSOQRNN,^GSPC,2026-06-12 15:15:00,0.0018741962,0.0019642701
PSOQRNN,^GSPC,2026-06-12 15:30:00,0.0019373324,0.0019807005
PSOQRNN,^GSPC,2026-06-12 15:45:00,0.001941319,0.0019872556
PSOQRNN,^GSPC,2026-06-12 16:00:00,0.0018839914,0.0019958199
PSOQRNN,^GSPC,2026-06-12 16:15:00,0.0019331183,0.0019951968
PSOQRNN,^GSPC,2026-06-12 16:30:00,0.001928018,0.0019951502
PSOQRNN,^GSPC,2026-06-12 16:45:00,0.0019114123,0.0019956462
PSOQRNN,^GSPC,2026-06-12 17:00:00,0.0019184768,0.0019946105
PSOQRNN,^GSPC,2026-06-12 17:15:00,0.0019240854,0.001994152
PSOQRNN,^GSPC,2026-06-12 17:30:00,0.0019326491,0.0019941228
PSOQRNN,^GSPC,2026-06-12 17:45:00,0.0019306547,0.0019931574
PSOQRNN,^GSPC,2026-06-12 18:00:00,0.0019278185,0.0019931898
PSOQRNN,^GSPC,2026-06-12 18:15:00,0.0019213662,0.0019925814
PSOQRNN,^GSPC,2026-06-12 18:30:00,0.0019083347,0.0019940804
PSOQRNN,^GSPC,2026-06-12 18:45:00,0.0019431019,0.0019963086
PSOQRNN,^GSPC,2026-06-12 19:00:00,0.0019208043,0.0019967651
PSOQRNN,^GSPC,2026-06-12 19:15:00,0.0019286943,0.001996745
PSOQRNN,^GSPC,2026-06-12 19:30:00,0.001937146,0.0019970299
PSOQRNN,^GSPC,2026-06-12 19:45:00,0.001913272,0.0019988262
PSOQRNN,^GSPC,2026-06-15 13:30:00,0.0017659831,0.0021962328
PSOQRNN,^GSPC,2026-06-15 13:45:00,0.002183584,0.0021959606
PSOQRNN,^GSPC,2026-06-15 14:00:00,0.0021931592,0.002196003
PSOQRNN,^GSPC,2026-06-15 14:15:00,0.002178017,0.0021966717
PSOQRNN,^GSPC,2026-06-15 14:30:00,0.0021971723,0.0021967764
PSOQRNN,^GSPC,2026-06-15 14:45:00,0.0021756487,0.002196674
PSOQRNN,^GSPC,2026-06-15 15:00:00,0.002181239,0.0021964684
PSOQRNN,^GSPC,2026-06-15 15:15:00,0.002182981,0.0021951569
PSOQRNN,^GSPC,2026-06-15 15:30:00,0.0021834336,0.002193302
PSOQRNN,^GSPC,2026-06-15 15:45:00,0.0021740661,0.0021940966
PSOQRNN,^GSPC,2026-06-15 16:00:00,0.0021860423,0.002194027
PSOQRNN,^GSPC,2026-06-15 16:15:00,0.0021823552,0.0021937052
PSOQRNN,^GSPC,2026-06-15 16:30:00,0.0021942346,0.0021940463
PSOQRNN,^GSPC,2026-06-15 16:45:00,0.002188327,0.0021939077
PSOQRNN,^GSPC,2026-06-15 17:00:00,0.0021880402,0.0021939124
PSOQRNN,^GSPC,2026-06-15 17:15:00,0.0021810732,0.002194052
PSOQRNN,^GSPC,2026-06-15 17:30:00,0.0021927408,0.0021935937
PSOQRNN,^GSPC,2026-06-15 17:45:00,0.0021953376,0.0021933897
PSOQRNN,^GSPC,2026-06-15 18:00:00,0.0021858166,0.0021916458
PSOQRNN,^GSPC,2026-06-15 18:15:00,0.0021913887,0.002191786
PSOQRNN,^GSPC,2026-06-15 18:30:00,0.0021742943,0.002191711
PSOQRNN,^GSPC,2026-06-15 18:45:00,0.0021889752,0.0021915578
PSOQRNN,^GSPC,2026-06-15 19:00:00,0.002183063,0.002189461
PSOQRNN,^GSPC,2026-06-15 19:15:00,0.0021908958,0.0021889186
PSOQRNN,^GSPC,2026-06-15 19:30:00,0.0021792674,0.0021888032
PSOQRNN,^GSPC,2026-06-15 19:45:00,0.0021793079,0.0021888015
PSOQRNN,^GSPC,2026-06-16 13:30:00,0.002173593,0.0021889932
PSOQRNN,^GSPC,2026-06-16 13:45:00,0.0021935676,0.0021900306
PSOQRNN,^GSPC,2026-06-16 14:00:00,0.0021686044,0.0021909615
PSOQRNN,^GSPC,2026-06-16 14:15:00,0.0022094697,0.0021947531
PSOQRNN,^GSPC,2026-06-16 14:30:00,0.0021834963,0.0021948805
PSOQRNN,^GSPC,2026-06-16 14:45:00,0.0021959522,0.0021946577
PSOQRNN,^GSPC,2026-06-16 15:00:00,0.0021789728,0.0021951431
PSOQRNN,^GSPC,2026-06-16 15:15:00,0.0022015057,0.0021948528
PSOQRNN,^GSPC,2026-06-16 15:30:00,0.002190924,0.0021948693
PSOQRNN,^GSPC,2026-06-16 15:45:00,0.0021826404,0.0021950009
PSOQRNN,^GSPC,2026-06-16 16:00:00,0.0021728827,0.0021963376
PSOQRNN,^GSPC,2026-06-16 16:15:00,0.0021949566,0.002196462
PSOQRNN,^GSPC,2026-06-16 16:30:00,0.0021955234,0.002196587
PSOQRNN,^GSPC,2026-06-16 16:45:00,0.0021957122,0.0021966714
PSOQRNN,^GSPC,2026-06-16 17:00:00,0.002192465,0.0021966116
PSOQRNN,^GSPC,2026-06-16 17:15:00,0.0021963431,0.0021967583
PSOQRNN,^GSPC,2026-06-16 17:30:00,0.002195111,0.0021968423
PSOQRNN,^GSPC,2026-06-16 17:45:00,0.0021874914,0.0021968207
PSOQRNN,^GSPC,2026-06-16 18:00:00,0.0021921925,0.0021814597
PSOQRNN,^GSPC,2026-06-16 18:15:00,0.0021674288,0.0021811773
PSOQRNN,^GSPC,2026-06-16 18:30:00,0.0021700547,0.0021788995
PSOQRNN,^GSPC,2026-06-16 18:45:00,0.0021717725,0.0021790296
PSOQRNN,^GSPC,2026-06-16 19:00:00,0.002179263,0.002179728
PSOQRNN,^GSPC,2026-06-16 19:15:00,0.0021634323,0.0021796974
PSOQRNN,^GSPC,2026-06-16 19:30:00,0.002170558,0.0021797414
PSOQRNN,^GSPC,2026-06-16 19:45:00,0.0021790029,0.0021804948
PSOQRNN,^GSPC,2026-06-17 13:30:00,0.0021454995,0.0021825598
PSOQRNN,^GSPC,2026-06-17 13:45:00,0.0021989923,0.0021870476
PSOQRNN,^GSPC,2026-06-17 14:00:00,0.0021553328,0.0021898858
PSOQRNN,^GSPC,2026-06-17 14:15:00,0.0021726908,0.002188863
PSOQRNN,^GSPC,2026-06-17 14:30:00,0.002203613,0.0021920719
PSOQRNN,^GSPC,2026-06-17 14:45:00,0.002203585,0.0021921943
PSOQRNN,^GSPC,2026-06-17 15:00:00,0.0021748664,0.0021915843
PSOQRNN,^GSPC,2026-06-17 15:15:00,0.0021775535,0.0021915075
PSOQRNN,^GSPC,2026-06-17 15:30:00,0.0021771847,0.0021911184
PSOQRNN,^GSPC,2026-06-17 15:45:00,0.0021777032,0.0021910917
PSOQRNN,^GSPC,2026-06-17 16:00:00,0.0021830208,0.0021909429
PSOQRNN,^GSPC,2026-06-17 16:15:00,0.0021795265,0.0021901408
PSOQRNN,^GSPC,2026-06-17 16:30:00,0.0021910705,0.0021905487
PSOQRNN,^GSPC,2026-06-17 16:45:00,0.002185898,0.0021906116
PSOQRNN,^GSPC,2026-06-17 17:00:00,0.0021929818,0.0021907606
PSOQRNN,^GSPC,2026-06-17 17:15:00,0.0021772555,0.0021908935
PSOQRNN,^GSPC,2026-06-17 17:30:00,0.0021888297,0.002190745
PSOQRNN,^GSPC,2026-06-17 17:45:00,0.0021586765,0.002191833
PSOQRNN,^GSPC,2026-06-17 18:00:00,0.0022506076,0.0022108979
PSOQRNN,^GSPC,2026-06-17 18:15:00,0.0022148988,0.0022089616
PSOQRNN,^GSPC,2026-06-17 18:30:00,0.002144177,0.0022315225
PSOQRNN,^GSPC,2026-06-17 18:45:00,0.0022993917,0.002255105
PSOQRNN,^GSPC,2026-06-17 19:00:00,0.0022607816,0.0022555483
PSOQRNN,^GSPC,2026-06-17 19:15:00,0.0023377326,0.0022866428
PSOQRNN,^GSPC,2026-06-17 19:30:00,0.0023431322,0.002291143
PSOQRNN,^GSPC,2026-06-17 19:45:00,0.0022958785,0.0022936503
PSOQRNN,^GSPC,2026-06-18 13:30:00,0.0022426432,0.0023294669
PSOQRNN,^GSPC,2026-06-18 13:45:00,0.0023516086,0.0023302648
PSOQRNN,^GSPC,2026-06-18 14:00:00,0.0023601006,0.0023289528
PSOQRNN,^GSPC,2026-06-18 14:15:00,0.0023550366,0.0023291109
PSOQRNN,^GSPC,2026-06-18 14:30:00,0.0023480374,0.0023302706
PSOQRNN,^GSPC,2026-06-18 14:45:00,0.002352629,0.0023310527
PSOQRNN,^GSPC,2026-06-18 15:00:00,0.0023717547,0.0023315807
PSOQRNN,^GSPC,2026-06-18 15:15:00,0.0023760453,0.0023326124
PSOQRNN,^GSPC,2026-06-18 15:30:00,0.0023708066,0.0023327346
PSOQRNN,^GSPC,2026-06-18 15:45:00,0.002345346,0.0023355926
PSOQRNN,^GSPC,2026-06-18 16:00:00,0.0023695065,0.0023355945
PSOQRNN,^GSPC,2026-06-18 16:15:00,0.0023620354,0.002335916
PSOQRNN,^GSPC,2026-06-18 16:30:00,0.0023639742,0.002336139
PSOQRNN,^GSPC,2026-06-18 16:45:00,0.0023737296,0.0023362518
PSOQRNN,^GSPC,2026-06-18 17:00:00,0.0023554896,0.00233778
PSOQRNN,^GSPC,2026-06-18 17:15:00,0.0023713887,0.0023373042
PSOQRNN,^GSPC,2026-06-18 17:30:00,0.0023724614,0.0023369528
PSOQRNN,^GSPC,2026-06-18 17:45:00,0.00237473,0.002336344
PSOQRNN,^GSPC,2026-06-18 18:00:00,0.002374191,0.0022631197
PSOQRNN,^GSPC,2026-06-18 18:15:00,0.0022820472,0.0022588852
PSOQRNN,^GSPC,2026-06-18 18:30:00,0.0022743696,0.0022553431
PSOQRNN,^GSPC,2026-06-18 18:45:00,0.00227048,0.0022542055
PSOQRNN,^GSPC,2026-06-18 19:00:00,0.0022816597,0.0022552381
PSOQRNN,^GSPC,2026-06-18 19:15:00,0.0022610347,0.0022554449
PSOQRNN,^GSPC,2026-06-18 19:30:00,0.0022496064,0.0022540237
PSOQRNN,^GSPC,2026-06-18 19:45:00,0.0022743389,0.0022542877
PSOQRNN,^GSPC,2026-06-22 13:30:00,0.0022473442,0.002252273
PSOQRNN,^GSPC,2026-06-22 13:45:00,0.0022372191,0.0022569394
PSOQRNN,^GSPC,2026-06-22 14:00:00,0.0022810341,0.0022556458
PSOQRNN,^GSPC,2026-06-22 14:15:00,0.0023105445,0.0022659546
PSOQRNN,^GSPC,2026-06-22 14:30:00,0.0023148272,0.0022691183
PSOQRNN,^GSPC,2026-06-22 14:45:00,0.002284899,0.0022664256
PSOQRNN,^GSPC,2026-06-22 15:00:00,0.0022877727,0.0022644554
PSOQRNN,^GSPC,2026-06-22 15:15:00,0.0022824416,0.0022639097
PSOQRNN,^GSPC,2026-06-22 15:30:00,0.0022554405,0.0022676492
PSOQRNN,^GSPC,2026-06-22 15:45:00,0.0023059293,0.0022693544
PSOQRNN,^GSPC,2026-06-22 16:00:00,0.002282021,0.0022597518
PSOQRNN,^GSPC,2026-06-22 16:15:00,0.0022770874,0.0022569844
PSOQRNN,^GSPC,2026-06-22 16:30:00,0.0022774925,0.002256247
PSOQRNN,^GSPC,2026-06-22 16:45:00,0.0022616677,0.0022556274
PSOQRNN,^GSPC,2026-06-22 17:00:00,0.0022758988,0.002248087
PSOQRNN,^GSPC,2026-06-22 17:15:00,0.0022568263,0.0022455733
PSOQRNN,^GSPC,2026-06-22 17:30:00,0.0022616207,0.0022450972
PSOQRNN,^GSPC,2026-06-22 17:45:00,0.0022503855,0.0022445403
PSOQRNN,^GSPC,2026-06-22 18:00:00,0.002250725,0.002196182
PSOQRNN,^GSPC,2026-06-22 18:15:00,0.0021872504,0.0021910013
PSOQRNN,^GSPC,2026-06-22 18:30:00,0.002193442,0.0021907396
PSOQRNN,^GSPC,2026-06-22 18:45:00,0.002194724,0.0021904013
PSOQRNN,^GSPC,2026-06-22 19:00:00,0.0021788818,0.00219044
PSOQRNN,^GSPC,2026-06-22 19:15:00,0.002189695,0.0021818795
PSOQRNN,^GSPC,2026-06-22 19:30:00,0.0021736259,0.0021818918
PSOQRNN,^GSPC,2026-06-22 19:45:00,0.0021453712,0.0021817526
PSOQRNN,^GSPC,2026-06-23 13:30:00,0.0023279665,0.0023393785
PSOQRNN,^GSPC,2026-06-23 13:45:00,0.0023402227,0.0023463962
PSOQRNN,^GSPC,2026-06-23 14:00:00,0.0023554075,0.0023513504
PSOQRNN,^GSPC,2026-06-23 14:15:00,0.0023863188,0.002350284
PSOQRNN,^GSPC,2026-06-23 14:30:00,0.0024060137,0.0023542629
PSOQRNN,^GSPC,2026-06-23 14:45:00,0.0023941856,0.0023544556
PSOQRNN,^GSPC,2026-06-23 15:00:00,0.002400936,0.0023537439
PSOQRNN,^GSPC,2026-06-23 15:15:00,0.002408856,0.0023553951
PSOQRNN,^GSPC,2026-06-23 15:30:00,0.0023847597,0.0023516961
PSOQRNN,^GSPC,2026-06-23 15:45:00,0.0023724486,0.0023525972
PSOQRNN,^GSPC,2026-06-23 16:00:00,0.002367178,0.0023560417
PSOQRNN,^GSPC,2026-06-23 16:15:00,0.0023919821,0.002355214
PSOQRNN,^GSPC,2026-06-23 16:30:00,0.0023844212,0.0023539327
PSOQRNN,^GSPC,2026-06-23 16:45:00,0.002394439,0.0023541925
PSOQRNN,^GSPC,2026-06-23 17:00:00,0.002390081,0.00235001
PSOQRNN,^GSPC,2026-06-23 17:15:00,0.0023819108,0.0023500114
PSOQRNN,^GSPC,2026-06-23 17:30:00,0.0023896163,0.0023501664
PSOQRNN,^GSPC,2026-06-23 17:45:00,0.0024024842,0.0023529693
PSOQRNN,^GSPC,2026-06-23 18:00:00,0.00238773,0.0022938875
PSOQRNN,^GSPC,2026-06-23 18:15:00,0.0023248463,0.0022925553
PSOQRNN,^GSPC,2026-06-23 18:30:00,0.0023409522,0.0022845322
PSOQRNN,^GSPC,2026-06-23 18:45:00,0.0023030292,0.002284362
PSOQRNN,^GSPC,2026-06-23 19:00:00,0.0023006143,0.002274251
PSOQRNN,^GSPC,2026-06-23 19:15:00,0.002284141,0.002273654
PSOQRNN,^GSPC,2026-06-23 19:30:00,0.0023018545,0.0022740995
PSOQRNN,^GSPC,2026-06-23 19:45:00,0.0023037405,0.0022010931
PSOQRNN,^GSPC,2026-06-24 13:30:00,0.0021618747,0.0022066734
PSOQRNN,^GSPC,2026-06-24 13:45:00,0.0022013094,0.0021939662
PSOQRNN,^GSPC,2026-06-24 14:00:00,0.00219279,0.002193323
PSOQRNN,^GSPC,2026-06-24 14:15:00,0.0021706347,0.0021925839
PSOQRNN,^GSPC,2026-06-24 14:30:00,0.0021658866,0.002180932
PSOQRNN,^GSPC,2026-06-24 14:45:00,0.0021337545,0.0021814117
PSOQRNN,^GSPC,2026-06-24 15:00:00,0.002189714,0.0021772885
PSOQRNN,^GSPC,2026-06-24 15:15:00,0.0021439071,0.0021713367
PSOQRNN,^GSPC,2026-06-24 15:30:00,0.0021757297,0.0021648295
PSOQRNN,^GSPC,2026-06-24 15:45:00,0.0021476643,0.0021644162
PSOQRNN,^GSPC,2026-06-24 16:00:00,0.0021443302,0.0021636593
PSOQRNN,^GSPC,2026-06-24 16:15:00,0.0021513347,0.0021586511
PSOQRNN,^GSPC,2026-06-24 16:30:00,0.0021687413,0.0021635413
PSOQRNN,^GSPC,2026-06-24 16:45:00,0.0021557622,0.0021549491
PSOQRNN,^GSPC,2026-06-24 17:00:00,0.0021483786,0.002152274
PSOQRNN,^GSPC,2026-06-24 17:15:00,0.002173708,0.0021629934
PSOQRNN,^GSPC,2026-06-24 17:30:00,0.0021486785,0.002160727
PSOQRNN,^GSPC,2026-06-24 17:45:00,0.0021424065,0.0021338083
PSOQRNN,^GSPC,2026-06-24 18:00:00,0.0020866992,0.0021336875
PSOQRNN,^GSPC,2026-06-24 18:15:00,0.0020800878,0.0021367047
PSOQRNN,^GSPC,2026-06-24 18:30:00,0.0021267459,0.0021372414
PSOQRNN,^GSPC,2026-06-24 18:45:00,0.0021317753,0.0021395741
PSOQRNN,^GSPC,2026-06-24 19:00:00,0.0021168895,0.0021350796
PSOQRNN,^GSPC,2026-06-24 19:15:00,0.0020995287,0.0021219095
PSOQRNN,^GSPC,2026-06-24 19:30:00,0.0020964518,0.0021138538
PSOQRNN,^GSPC,2026-06-24 19:45:00,0.002048854,0.002117523
PSOQRNN,^GSPC,2026-06-25 13:30:00,0.0020640711,0.0021185437
PSOQRNN,^GSPC,2026-06-25 13:45:00,0.002159673,0.0021531514
PSOQRNN,^GSPC,2026-06-25 14:00:00,0.0020559235,0.0021797488
PSOQRNN,^GSPC,2026-06-25 14:15:00,0.0021439425,0.0021824474
PSOQRNN,^GSPC,2026-06-25 14:30:00,0.002173646,0.0021824138
PSOQRNN,^GSPC,2026-06-25 14:45:00,0.0021731756,0.0021819435
PSOQRNN,^GSPC,2026-06-25 15:00:00,0.0022082478,0.00218724
PSOQRNN,^GSPC,2026-06-25 15:15:00,0.00215634,0.0021890823
PSOQRNN,^GSPC,2026-06-25 15:30:00,0.0021690836,0.0021848998
PSOQRNN,^GSPC,2026-06-25 15:45:00,0.0021858425,0.0021737008
PSOQRNN,^GSPC,2026-06-25 16:00:00,0.0021324344,0.002177605
PSOQRNN,^GSPC,2026-06-25 16:15:00,0.0021888998,0.0021789058
PSOQRNN,^GSPC,2026-06-25 16:30:00,0.002199852,0.002183888
PSOQRNN,^GSPC,2026-06-25 16:45:00,0.002167571,0.002181903
PSOQRNN,^GSPC,2026-06-25 17:00:00,0.00215788,0.002182365
PSOQRNN,^GSPC,2026-06-25 17:15:00,0.0021704787,0.0021807242
PSOQRNN,^GSPC,2026-06-25 17:30:00,0.0021795337,0.002179244
PSOQRNN,^GSPC,2026-06-25 17:45:00,0.0021514215,0.0021753125
PSOQRNN,^GSPC,2026-06-25 18:00:00,0.002165305,0.0021702808
PSOQRNN,^GSPC,2026-06-25 18:15:00,0.002109557,0.0021719849
PSOQRNN,^GSPC,2026-06-25 18:30:00,0.0021885033,0.0021724494
PSOQRNN,^GSPC,2026-06-25 18:45:00,0.002159827,0.0021709108
PSOQRNN,^GSPC,2026-06-25 19:00:00,0.0021785984,0.002174187
PSOQRNN,^GSPC,2026-06-25 19:15:00,0.0021591412,0.002158142
PSOQRNN,^GSPC,2026-06-25 19:30:00,0.00214598,0.0021531207
PSOQRNN,^GSPC,2026-06-25 19:45:00,0.0021142694,0.0021545826
PSOQRNN,^GSPC,2026-06-26 13:30:00,0.0021982344,0.0021799738
PSOQRNN,^GSPC,2026-06-26 13:45:00,0.0021388524,0.002184503
PSOQRNN,^GSPC,2026-06-26 14:00:00,0.0021313897,0.0021898693
PSOQRNN,^GSPC,2026-06-26 14:15:00,0.002177568,0.002183609
PSOQRNN,^GSPC,2026-06-26 14:30:00,0.0021950062,0.002185903
PSOQRNN,^GSPC,2026-06-26 14:45:00,0.0021697385,0.0021782874
PSOQRNN,^GSPC,2026-06-26 15:00:00,0.0021718743,0.0021784953
PSOQRNN,^GSPC,2026-06-26 15:15:00,0.002121151,0.002124405
PSOQRNN,^GSPC,2026-06-26 15:30:00,0.0020642031,0.00210337
PSOQRNN,^GSPC,2026-06-26 15:45:00,0.002077503,0.0021015848
PSOQRNN,^GSPC,2026-06-26 16:00:00,0.0020817022,0.0021033066
PSOQRNN,^GSPC,2026-06-26 16:15:00,0.0020762044,0.002104302
PSOQRNN,^GSPC,2026-06-26 16:30:00,0.0020527681,0.0021046519
PSOQRNN,^GSPC,2026-06-26 16:45:00,0.002058414,0.0021037906
PSOQRNN,^GSPC,2026-06-26 17:00:00,0.0020533341,0.0021019168
PSOQRNN,^GSPC,2026-06-26 17:15:00,0.0020668032,0.002100396
PSOQRNN,^GSPC,2026-06-26 17:30:00,0.0020673564,0.0020967775
PSOQRNN,^GSPC,2026-06-26 17:45:00,0.002064198,0.0020939822
PSOQRNN,^GSPC,2026-06-26 18:00:00,0.0020453974,0.0020855
PSOQRNN,^GSPC,2026-06-26 18:15:00,0.0020590478,0.0020865956
PSOQRNN,^GSPC,2026-06-26 18:30:00,0.0020402537,0.0020738726
PSOQRNN,^GSPC,2026-06-26 18:45:00,0.0020453178,0.0020764673
PSOQRNN,^GSPC,2026-06-26 19:00:00,0.0020072372,0.0020745012
PSOQRNN,^GSPC,2026-06-26 19:15:00,0.0020360139,0.0020404803
PSOQRNN,^GSPC,2026-06-26 19:30:00,0.0019640524,0.0020417448
PSOQRNN,^GSPC,2026-06-26 19:45:00,0.0020196717,0.0020486668
PSOQRNN,^GSPC,2026-06-29 13:30:00,0.0018586625,0.002152025
PSOQRNN,^GSPC,2026-06-29 13:45:00,0.0021690277,0.0021541072
PSOQRNN,^GSPC,2026-06-29 14:00:00,0.0022027951,0.0021757686
PSOQRNN,^GSPC,2026-06-29 14:15:00,0.0021013725,0.0021964335
PSOQRNN,^GSPC,2026-06-29 14:30:00,0.0021735646,0.0021980233
PSOQRNN,^GSPC,2026-06-29 14:45:00,0.0021795905,0.002197411
PSOQRNN,^GSPC,2026-06-29 15:00:00,0.0021984924,0.0021971872
PSOQRNN,^GSPC,2026-06-29 15:15:00,0.002185569,0.0021973557
PSOQRNN,^GSPC,2026-06-29 15:30:00,0.0021814029,0.0021975685
PSOQRNN,^GSPC,2026-06-29 15:45:00,0.0021904698,0.0021973706
PSOQRNN,^GSPC,2026-06-29 16:00:00,0.0021909885,0.0021972721
PSOQRNN,^GSPC,2026-06-29 16:15:00,0.0021932705,0.0021972451
PSOQRNN,^GSPC,2026-06-29 16:30:00,0.0021886493,0.0021957085
PSOQRNN,^GSPC,2026-06-29 16:45:00,0.002185168,0.0021935776
PSOQRNN,^GSPC,2026-06-29 17:00:00,0.0021647725,0.002195894
PSOQRNN,^GSPC,2026-06-29 17:15:00,0.002186051,0.0021959539
PSOQRNN,^GSPC,2026-06-29 17:30:00,0.0021868397,0.0021954344
PSOQRNN,^GSPC,2026-06-29 17:45:00,0.0021870516,0.002193851
PSOQRNN,^GSPC,2026-06-29 18:00:00,0.0021831896,0.001994849
PSOQRNN,^GSPC,2026-06-29 18:15:00,0.0019329945,0.001994852
PSOQRNN,^GSPC,2026-06-29 18:30:00,0.0019132979,0.0019961419
PSOQRNN,^GSPC,2026-06-29 18:45:00,0.0019315246,0.0019952846
PSOQRNN,^GSPC,2026-06-29 19:00:00,0.0019279786,0.001995052
PSOQRNN,^GSPC,2026-06-29 19:15:00,0.0019220801,0.001993668
PSOQRNN,^GSPC,2026-06-29 19:30:00,0.0019284446,0.0019931123
PSOQRNN,^GSPC,2026-06-29 19:45:00,0.0019176713,0.0019930806
PSOQRNN,^GSPC,2026-06-30 13:30:00,0.0019111126,0.0019942662
PSOQRNN,^GSPC,2026-06-30 13:45:00,0.0018946952,0.002000755
PSOQRNN,^GSPC,2026-06-30 14:00:00,0.001939251,0.0020009796
PSOQRNN,^GSPC,2026-06-30 14:15:00,0.0019196869,0.00200232
PSOQRNN,^GSPC,2026-06-30 14:30:00,0.0019289266,0.0020022946
PSOQRNN,^GSPC,2026-06-30 14:45:00,0.0019573497,0.0020058616
PSOQRNN,^GSPC,2026-06-30 15:00:00,0.0019162166,0.0020099387
PSOQRNN,^GSPC,2026-06-30 15:15:00,0.0019366808,0.0020101469
PSOQRNN,^GSPC,2026-06-30 15:30:00,0.0019476254,0.002010025
PSOQRNN,^GSPC,2026-06-30 15:45:00,0.0019324648,0.0020106211
PSOQRNN,^GSPC,2026-06-30 16:00:00,0.0019371508,0.002011095
PSOQRNN,^GSPC,2026-06-30 16:15:00,0.0019450026,0.0020107469
PSOQRNN,^GSPC,2026-06-30 16:30:00,0.0019416481,0.0020102307
PSOQRNN,^GSPC,2026-06-30 16:45:00,0.0019400206,0.0020102353
PSOQRNN,^GSPC,2026-06-30 17:00:00,0.0019465131,0.002010256
PSOQRNN,^GSPC,2026-06-30 17:15:00,0.0019462738,0.002009641
PSOQRNN,^GSPC,2026-06-30 17:30:00,0.001942134,0.0020096595
PSOQRNN,^GSPC,2026-06-30 17:45:00,0.0019457871,0.0020096805
PSOQRNN,^GSPC,2026-06-30 18:00:00,0.0019386162,0.0020096314
PSOQRNN,^GSPC,2026-06-30 18:15:00,0.0019437199,0.002008499
PSOQRNN,^GSPC,2026-06-30 18:30:00,0.0019383936,0.0020075466
PSOQRNN,^GSPC,2026-06-30 18:45:00,0.00193849,0.0020030397
PSOQRNN,^GSPC,2026-06-30 19:00:00,0.0019271916,0.0020034753
PSOQRNN,^GSPC,2026-06-30 19:15:00,0.0019405003,0.002003211
PSOQRNN,^GSPC,2026-06-30 19:30:00,0.0019404021,0.0020028409
PSOQRNN,^GSPC,2026-06-30 19:45:00,0.0019404084,0.0020019265
PSOQRNN,^GSPC,2026-07-01 13:30:00,0.001992931,0.0020266343
PSOQRNN,^GSPC,2026-07-01 13:45:00,0.0019300191,0.0020349512
PSOQRNN,^GSPC,2026-07-01 14:00:00,0.0019539702,0.0020364868
PSOQRNN,^GSPC,2026-07-01 14:15:00,0.0019723503,0.002036485
PSOQRNN,^GSPC,2026-07-01 14:30:00,0.0019800744,0.0020363927
PSOQRNN,^GSPC,2026-07-01 14:45:00,0.001971265,0.002036425
PSOQRNN,^GSPC,2026-07-01 15:00:00,0.0019585881,0.002038657
PSOQRNN,^GSPC,2026-07-01 15:15:00,0.0019596817,0.0020410968
PSOQRNN,^GSPC,2026-07-01 15:30:00,0.0019913064,0.0020415117
PSOQRNN,^GSPC,2026-07-01 15:45:00,0.00198206,0.0020414512
PSOQRNN,^GSPC,2026-07-01 16:00:00,0.0019781673,0.002041584
PSOQRNN,^GSPC,2026-07-01 16:15:00,0.0019847462,0.002041575
PSOQRNN,^GSPC,2026-07-01 16:30:00,0.0019880678,0.002041747
PSOQRNN,^GSPC,2026-07-01 16:45:00,0.0019999652,0.0020434519
PSOQRNN,^GSPC,2026-07-01 17:00:00,0.0019813552,0.002042521
PSOQRNN,^GSPC,2026-07-01 17:15:00,0.0019823716,0.0020424514
PSOQRNN,^GSPC,2026-07-01 17:30:00,0.0019905083,0.002042663
PSOQRNN,^GSPC,2026-07-01 17:45:00,0.001989579,0.0020419941
PSOQRNN,^GSPC,2026-07-01 18:00:00,0.001985171,0.0020387922
PSOQRNN,^GSPC,2026-07-01 18:15:00,0.0019783147,0.0020339142
PSOQRNN,^GSPC,2026-07-01 18:30:00,0.001973115,0.0020309135
PSOQRNN,^GSPC,2026-07-01 18:45:00,0.001974263,0.0020305936
PSOQRNN,^GSPC,2026-07-01 19:00:00,0.0019610962,0.0020274664
PSOQRNN,^GSPC,2026-07-01 19:15:00,0.0019707726,0.0020252594
PSOQRNN,^GSPC,2026-07-01 19:30:00,0.0019677598,0.0020248836
PSOQRNN,^GSPC,2026-07-01 19:45:00,0.0019766558,0.0020261202
