model_name,asset,horizon,timestamp,predicted_volatility,lower_ci,upper_ci
GARCH,EURUSD=X,807,2026-03-24 20:15:00,0.8189560446124108,,
GARCH,EURUSD=X,807,2026-03-24 20:30:00,0.8497800614129163,,
GARCH,EURUSD=X,807,2026-03-24 20:45:00,0.8802390657069739,,
GARCH,EURUSD=X,807,2026-03-24 21:00:00,0.9103373799075488,,
GARCH,EURUSD=X,807,2026-03-24 21:15:00,0.9400792752423636,,
GARCH,EURUSD=X,807,2026-03-24 21:30:00,0.969468972360024,,
GARCH,EURUSD=X,807,2026-03-24 21:45:00,0.9985106419289684,,
GARCH,EURUSD=X,807,2026-03-24 22:00:00,1.0272084052293238,,
GARCH,EURUSD=X,807,2026-03-24 22:15:00,1.0555663347377529,,
GARCH,EURUSD=X,807,2026-03-24 22:30:00,1.0835884547053767,,
GARCH,EURUSD=X,807,2026-03-24 22:45:00,1.111278741728853,,
GARCH,EURUSD=X,807,2026-03-24 23:00:00,1.138641125314691,,
GARCH,EURUSD=X,807,2026-03-24 23:15:00,1.1656794884368857,,
GARCH,EURUSD=X,807,2026-03-24 23:30:00,1.1923976680879462,,
GARCH,EURUSD=X,807,2026-03-24 23:45:00,1.2187994558234014,,
GARCH,EURUSD=X,807,2026-03-25 00:00:00,1.2448885982998563,,
GARCH,EURUSD=X,807,2026-03-25 00:15:00,1.2706687978066769,,
GARCH,EURUSD=X,807,2026-03-25 00:30:00,1.296143712791379,,
GARCH,EURUSD=X,807,2026-03-25 00:45:00,1.321316958378796,,
GARCH,EURUSD=X,807,2026-03-25 01:00:00,1.346192106884098,,
GARCH,EURUSD=X,807,2026-03-25 01:15:00,1.3707726883197369,,
GARCH,EURUSD=X,807,2026-03-25 01:30:00,1.3950621908963858,,
GARCH,EURUSD=X,807,2026-03-25 01:45:00,1.4190640615179506,,
GARCH,EURUSD=X,807,2026-03-25 02:00:00,1.4427817062707158,,
GARCH,EURUSD=X,807,2026-03-25 02:15:00,1.4662184909066998,,
GARCH,EURUSD=X,807,2026-03-25 02:30:00,1.4893777413212868,,
GARCH,EURUSD=X,807,2026-03-25 02:45:00,1.5122627440252008,,
GARCH,EURUSD=X,807,2026-03-25 03:00:00,1.5348767466108926,,
GARCH,EURUSD=X,807,2026-03-25 03:15:00,1.5572229582134025,,
GARCH,EURUSD=X,807,2026-03-25 03:30:00,1.5793045499657663,,
GARCH,EURUSD=X,807,2026-03-25 03:45:00,1.6011246554490286,,
GARCH,EURUSD=X,807,2026-03-25 04:00:00,1.622686371136926,,
GARCH,EURUSD=X,807,2026-03-25 04:15:00,1.6439927568353059,,
GARCH,EURUSD=X,807,2026-03-25 04:30:00,1.665046836116341,,
GARCH,EURUSD=X,807,2026-03-25 04:45:00,1.685851596747602,,
GARCH,EURUSD=X,807,2026-03-25 05:00:00,1.7064099911160484,,
GARCH,EURUSD=X,807,2026-03-25 05:15:00,1.7267249366470012,,
GARCH,EURUSD=X,807,2026-03-25 05:30:00,1.7467993162181505,,
GARCH,EURUSD=X,807,2026-03-25 05:45:00,1.766635978568664,,
GARCH,EURUSD=X,807,2026-03-25 06:00:00,1.786237738703448,,
GARCH,EURUSD=X,807,2026-03-25 06:15:00,1.8056073782926232,,
GARCH,EURUSD=X,807,2026-03-25 06:30:00,1.824747646066269,,
GARCH,EURUSD=X,807,2026-03-25 06:45:00,1.843661258204494,,
GARCH,EURUSD=X,807,2026-03-25 07:00:00,1.8623508987228863,,
GARCH,EURUSD=X,807,2026-03-25 07:15:00,1.8808192198534006,,
GARCH,EURUSD=X,807,2026-03-25 07:30:00,1.8990688424207343,,
GARCH,EURUSD=X,807,2026-03-25 07:45:00,1.9171023562142455,,
GARCH,EURUSD=X,807,2026-03-25 08:00:00,1.9349223203554697,,
GARCH,EURUSD=X,807,2026-03-25 08:15:00,1.952531263661282,,
GARCH,EURUSD=X,807,2026-03-25 08:30:00,1.9699316850027584,,
GARCH,EURUSD=X,807,2026-03-25 08:45:00,1.9871260536597908,,
GARCH,EURUSD=X,807,2026-03-25 09:00:00,2.004116809671498,,
GARCH,EURUSD=X,807,2026-03-25 09:15:00,2.020906364182492,,
GARCH,EURUSD=X,807,2026-03-25 09:30:00,2.0374970997850395,,
GARCH,EURUSD=X,807,2026-03-25 09:45:00,2.0538913708571758,,
GARCH,EURUSD=X,807,2026-03-25 10:00:00,2.070091503896811,,
GARCH,EURUSD=X,807,2026-03-25 10:15:00,2.0860997978518827,,
GARCH,EURUSD=X,807,2026-03-25 10:30:00,2.1019185244465968,,
GARCH,EURUSD=X,807,2026-03-25 10:45:00,2.117549928503806,,
GARCH,EURUSD=X,807,2026-03-25 11:00:00,2.132996228263573,,
GARCH,EURUSD=X,807,2026-03-25 11:15:00,2.148259615697955,,
GARCH,EURUSD=X,807,2026-03-25 11:30:00,2.1633422568220704,,
GARCH,EURUSD=X,807,2026-03-25 11:45:00,2.1782462920014702,,
GARCH,EURUSD=X,807,2026-03-25 12:00:00,2.192973836255881,,
GARCH,EURUSD=X,807,2026-03-25 12:15:00,2.207526979559341,,
GARCH,EURUSD=X,807,2026-03-25 12:30:00,2.2219077871367894,,
GARCH,EURUSD=X,807,2026-03-25 12:45:00,2.236118299757141,,
GARCH,EURUSD=X,807,2026-03-25 13:00:00,2.2501605340228896,,
GARCH,EURUSD=X,807,2026-03-25 13:15:00,2.26403648265628,,
GARCH,EURUSD=X,807,2026-03-25 13:30:00,2.2777481147820984,,
GARCH,EURUSD=X,807,2026-03-25 13:45:00,2.2912973762071047,,
GARCH,EURUSD=X,807,2026-03-25 14:00:00,2.3046861896961635,,
GARCH,EURUSD=X,807,2026-03-25 14:15:00,2.3179164552451,,
GARCH,EURUSD=X,807,2026-03-25 14:30:00,2.330990050350329,,
GARCH,EURUSD=X,807,2026-03-25 14:45:00,2.343908830275287,,
GARCH,EURUSD=X,807,2026-03-25 15:00:00,2.356674628313712,,
GARCH,EURUSD=X,807,2026-03-25 15:15:00,2.3692892560498056,,
GARCH,EURUSD=X,807,2026-03-25 15:30:00,2.381754503615311,,
GARCH,EURUSD=X,807,2026-03-25 15:45:00,2.3940721399435523,,
GARCH,EURUSD=X,807,2026-03-25 16:00:00,2.40624391302046,,
GARCH,EURUSD=X,807,2026-03-25 16:15:00,2.4182715501326273,,
GARCH,EURUSD=X,807,2026-03-25 16:30:00,2.4301567581124277,,
GARCH,EURUSD=X,807,2026-03-25 16:45:00,2.4419012235802304,,
GARCH,EURUSD=X,807,2026-03-25 17:00:00,2.4535066131837473,,
GARCH,EURUSD=X,807,2026-03-25 17:15:00,2.464974573834545,,
GARCH,EURUSD=X,807,2026-03-25 17:30:00,2.476306732941758,,
GARCH,EURUSD=X,807,2026-03-25 17:45:00,2.487504698643032,,
GARCH,EURUSD=X,807,2026-03-25 18:00:00,2.4985700600327325,,
GARCH,EURUSD=X,807,2026-03-25 18:15:00,2.509504387387455,,
GARCH,EURUSD=X,807,2026-03-25 18:30:00,2.520309232388859,,
GARCH,EURUSD=X,807,2026-03-25 18:45:00,2.5309861283438657,,
GARCH,EURUSD=X,807,2026-03-25 19:00:00,2.541536590402251,,
GARCH,EURUSD=X,807,2026-03-25 19:15:00,2.5519621157716563,,
GARCH,EURUSD=X,807,2026-03-25 19:30:00,2.5622641839300577,,
GARCH,EURUSD=X,807,2026-03-25 19:45:00,2.5724442568357175,,
GARCH,EURUSD=X,807,2026-03-25 20:00:00,2.5825037791346483,,
GARCH,EURUSD=X,807,2026-03-25 20:15:00,2.592444178365623,,
GARCH,EURUSD=X,807,2026-03-25 20:30:00,2.602266865162756,,
GARCH,EURUSD=X,807,2026-03-25 20:45:00,2.6119732334556818,,
GARCH,EURUSD=X,807,2026-03-25 21:00:00,2.6215646606673713,,
GARCH,EURUSD=X,807,2026-03-25 21:15:00,2.6310425079095965,,
GARCH,EURUSD=X,807,2026-03-25 21:30:00,2.6404081201760885,,
GARCH,EURUSD=X,807,2026-03-25 21:45:00,2.6496628265334015,,
GARCH,EURUSD=X,807,2026-03-25 22:00:00,2.6588079403095204,,
GARCH,EURUSD=X,807,2026-03-25 22:15:00,2.6678447592802357,,
GARCH,EURUSD=X,807,2026-03-25 22:30:00,2.6767745658533078,,
GARCH,EURUSD=X,807,2026-03-25 22:45:00,2.6855986272504535,,
GARCH,EURUSD=X,807,2026-03-25 23:00:00,2.694318195687176,,
GARCH,EURUSD=X,807,2026-03-25 23:15:00,2.7029345085504657,,
GARCH,EURUSD=X,807,2026-03-25 23:30:00,2.7114487885743976,,
GARCH,EURUSD=X,807,2026-03-25 23:45:00,2.719862244013648,,
GARCH,EURUSD=X,807,2026-03-26 00:00:00,2.7281760688149563,,
GARCH,EURUSD=X,807,2026-03-26 00:15:00,2.736391442786558,,
GARCH,EURUSD=X,807,2026-03-26 00:30:00,2.7445095317656105,,
GARCH,EURUSD=X,807,2026-03-26 00:45:00,2.752531487783635,,
GARCH,EURUSD=X,807,2026-03-26 01:00:00,2.7604584492300006,,
GARCH,EURUSD=X,807,2026-03-26 01:15:00,2.7682915410134745,,
GARCH,EURUSD=X,807,2026-03-26 01:30:00,2.776031874721853,,
GARCH,EURUSD=X,807,2026-03-26 01:45:00,2.7836805487797083,,
GARCH,EURUSD=X,807,2026-03-26 02:00:00,2.791238648604266,,
GARCH,EURUSD=X,807,2026-03-26 02:15:00,2.798707246759434,,
GARCH,EURUSD=X,807,2026-03-26 02:30:00,2.80608740310801,,
GARCH,EURUSD=X,807,2026-03-26 02:45:00,2.8133801649620844,,
GARCH,EURUSD=X,807,2026-03-26 03:00:00,2.820586567231666,,
GARCH,EURUSD=X,807,2026-03-26 03:15:00,2.8277076325715442,,
GARCH,EURUSD=X,807,2026-03-26 03:30:00,2.834744371526412,,
GARCH,EURUSD=X,807,2026-03-26 03:45:00,2.8416977826742724,,
GARCH,EURUSD=X,807,2026-03-26 04:00:00,2.848568852768147,,
GARCH,EURUSD=X,807,2026-03-26 04:15:00,2.855358556876103,,
GARCH,EURUSD=X,807,2026-03-26 04:30:00,2.8620678585196258,,
GARCH,EURUSD=X,807,2026-03-26 04:45:00,2.868697709810352,,
GARCH,EURUSD=X,807,2026-03-26 05:00:00,2.8752490515851807,,
GARCH,EURUSD=X,807,2026-03-26 05:15:00,2.88172281353979,,
GARCH,EURUSD=X,807,2026-03-26 05:30:00,2.888119914360567,,
GARCH,EURUSD=X,807,2026-03-26 05:45:00,2.894441261854978,,
GARCH,EURUSD=X,807,2026-03-26 06:00:00,2.9006877530803963,,
GARCH,EURUSD=X,807,2026-03-26 06:15:00,2.906860274471401,,
GARCH,EURUSD=X,807,2026-03-26 06:30:00,2.9129597019655713,,
GARCH,EURUSD=X,807,2026-03-26 06:45:00,2.91898690112779,,
GARCH,EURUSD=X,807,2026-03-26 07:00:00,2.9249427272730752,,
GARCH,EURUSD=X,807,2026-03-26 07:15:00,2.930828025587957,,
GARCH,EURUSD=X,807,2026-03-26 07:30:00,2.9366436312504174,,
GARCH,EURUSD=X,807,2026-03-26 07:45:00,2.94239036954841,,
GARCH,EURUSD=X,807,2026-03-26 08:00:00,2.9480690559969753,,
GARCH,EURUSD=X,807,2026-03-26 08:15:00,2.9536804964539707,,
GARCH,EURUSD=X,807,2026-03-26 08:30:00,2.959225487234428,,
GARCH,EURUSD=X,807,2026-03-26 08:45:00,2.964704815223559,,
GARCH,EURUSD=X,807,2026-03-26 09:00:00,2.9701192579884212,,
GARCH,EURUSD=X,807,2026-03-26 09:15:00,2.975469583888262,,
GARCH,EURUSD=X,807,2026-03-26 09:30:00,2.9807565521835553,,
GARCH,EURUSD=X,807,2026-03-26 09:45:00,2.9859809131437482,,
GARCH,EURUSD=X,807,2026-03-26 10:00:00,2.9911434081537305,,
GARCH,EURUSD=X,807,2026-03-26 10:15:00,2.996244769819045,,
GARCH,EURUSD=X,807,2026-03-26 10:30:00,3.0012857220698494,,
GARCH,EURUSD=X,807,2026-03-26 10:45:00,3.0062669802636512,,
GARCH,EURUSD=X,807,2026-03-26 11:00:00,3.0111892512868206,,
GARCH,EURUSD=X,807,2026-03-26 11:15:00,3.016053233654906,,
GARCH,EURUSD=X,807,2026-03-26 11:30:00,3.0208596176117597,,
GARCH,EURUSD=X,807,2026-03-26 11:45:00,3.025609085227489,,
GARCH,EURUSD=X,807,2026-03-26 12:00:00,3.030302310495249,,
GARCH,EURUSD=X,807,2026-03-26 12:15:00,3.0349399594268873,,
GARCH,EURUSD=X,807,2026-03-26 12:30:00,3.0395226901474595,,
GARCH,EURUSD=X,807,2026-03-26 12:45:00,3.0440511529886205,,
GARCH,EURUSD=X,807,2026-03-26 13:00:00,3.048525990580915,,
GARCH,EURUSD=X,807,2026-03-26 13:15:00,3.0529478379449695,,
GARCH,EURUSD=X,807,2026-03-26 13:30:00,3.057317322581612,,
GARCH,EURUSD=X,807,2026-03-26 13:45:00,3.0616350645609156,,
GARCH,EURUSD=X,807,2026-03-26 14:00:00,3.0659016766101956,,
GARCH,EURUSD=X,807,2026-03-26 14:15:00,3.070117764200959,,
GARCH,EURUSD=X,807,2026-03-26 14:30:00,3.074283925634828,,
GARCH,EURUSD=X,807,2026-03-26 14:45:00,3.078400752128443,,
GARCH,EURUSD=X,807,2026-03-26 15:00:00,3.082468827897362,,
GARCH,EURUSD=X,807,2026-03-26 15:15:00,3.0864887302389685,,
GARCH,EURUSD=X,807,2026-03-26 15:30:00,3.0904610296143917,,
GARCH,EURUSD=X,807,2026-03-26 15:45:00,3.0943862897294627,,
GARCH,EURUSD=X,807,2026-03-26 16:00:00,3.098265067614708,,
GARCH,EURUSD=X,807,2026-03-26 16:15:00,3.102097913704399,,
GARCH,EURUSD=X,807,2026-03-26 16:30:00,3.105885371914662,,
GARCH,EURUSD=X,807,2026-03-26 16:45:00,3.109627979720666,,
GARCH,EURUSD=X,807,2026-03-26 17:00:00,3.1133262682328944,,
GARCH,EURUSD=X,807,2026-03-26 17:15:00,3.116980762272515,,
GARCH,EURUSD=X,807,2026-03-26 17:30:00,3.1205919804458584,,
GARCH,EURUSD=X,807,2026-03-26 17:45:00,3.12416043521801,,
GARCH,EURUSD=X,807,2026-03-26 18:00:00,3.1276866329855353,,
GARCH,EURUSD=X,807,2026-03-26 18:15:00,3.131171074148343,,
GARCH,EURUSD=X,807,2026-03-26 18:30:00,3.1346142531806946,,
GARCH,EURUSD=X,807,2026-03-26 18:45:00,3.1380166587013756,,
GARCH,EURUSD=X,807,2026-03-26 19:00:00,3.1413787735430354,,
GARCH,EURUSD=X,807,2026-03-26 19:15:00,3.144701074820705,,
GARCH,EURUSD=X,807,2026-03-26 19:30:00,3.1479840339995047,,
GARCH,EURUSD=X,807,2026-03-26 19:45:00,3.1512281169615486,,
GARCH,EURUSD=X,807,2026-03-26 20:00:00,3.154433784072058,,
GARCH,EURUSD=X,807,2026-03-26 20:15:00,3.1576014902446916,,
GARCH,EURUSD=X,807,2026-03-26 20:30:00,3.160731685006102,,
GARCH,EURUSD=X,807,2026-03-26 20:45:00,3.163824812559726,,
GARCH,EURUSD=X,807,2026-03-26 21:00:00,3.166881311848825,,
GARCH,EURUSD=X,807,2026-03-26 21:15:00,3.1699016166187706,,
GARCH,EURUSD=X,807,2026-03-26 21:30:00,3.1728861554786,,
GARCH,EURUSD=X,807,2026-03-26 21:45:00,3.1758353519618376,,
GARCH,EURUSD=X,807,2026-03-26 22:00:00,3.178749624586601,,
GARCH,EURUSD=X,807,2026-03-26 22:15:00,3.1816293869149903,,
GARCH,EURUSD=X,807,2026-03-26 22:30:00,3.1844750476117762,,
GARCH,EURUSD=X,807,2026-03-26 22:45:00,3.187287010502395,,
GARCH,EURUSD=X,807,2026-03-26 23:00:00,3.1900656746302536,,
GARCH,EURUSD=X,807,2026-03-26 23:15:00,3.1928114343133593,,
GARCH,EURUSD=X,807,2026-03-26 23:30:00,3.1955246792002745,,
GARCH,EURUSD=X,807,2026-03-26 23:45:00,3.198205794325414,,
GARCH,EURUSD=X,807,2026-03-27 00:00:00,3.200855160163683,,
GARCH,EURUSD=X,807,2026-03-27 00:15:00,3.203473152684471,,
GARCH,EURUSD=X,807,2026-03-27 00:30:00,3.206060143405005,,
GARCH,EURUSD=X,807,2026-03-27 00:45:00,3.2086164994430715,,
GARCH,EURUSD=X,807,2026-03-27 01:00:00,3.211142583569113,,
GARCH,EURUSD=X,807,2026-03-27 01:15:00,3.2136387542577105,,
GARCH,EURUSD=X,807,2026-03-27 01:30:00,3.2161053657384517,,
GARCH,EURUSD=X,807,2026-03-27 01:45:00,3.218542768046201,,
GARCH,EURUSD=X,807,2026-03-27 02:00:00,3.2209513070707736,,
GARCH,EURUSD=X,807,2026-03-27 02:15:00,3.2233313246060176,,
GARCH,EURUSD=X,807,2026-03-27 02:30:00,3.2256831583983203,,
GARCH,EURUSD=X,807,2026-03-27 02:45:00,3.228007142194536,,
GARCH,EURUSD=X,807,2026-03-27 03:00:00,3.2303036057893486,,
GARCH,EURUSD=X,807,2026-03-27 03:15:00,3.2325728750720724,,
GARCH,EURUSD=X,807,2026-03-27 03:30:00,3.2348152720728978,,
GARCH,EURUSD=X,807,2026-03-27 03:45:00,3.237031115008592,,
GARCH,EURUSD=X,807,2026-03-27 04:00:00,3.239220718327656,,
GARCH,EURUSD=X,807,2026-03-27 04:15:00,3.2413843927549477,,
GARCH,EURUSD=X,807,2026-03-27 04:30:00,3.243522445335776,,
GARCH,EURUSD=X,807,2026-03-27 04:45:00,3.245635179479475,,
GARCH,EURUSD=X,807,2026-03-27 05:00:00,3.2477228950024584,,
GARCH,EURUSD=X,807,2026-03-27 05:15:00,3.249785888170768,,
GARCH,EURUSD=X,807,2026-03-27 05:30:00,3.2518244517421175,,
GARCH,EURUSD=X,807,2026-03-27 05:45:00,3.253838875007434,,
GARCH,EURUSD=X,807,2026-03-27 06:00:00,3.2558294438319137,,
GARCH,EURUSD=X,807,2026-03-27 06:15:00,3.2577964406955884,,
GARCH,EURUSD=X,807,2026-03-27 06:30:00,3.259740144733411,,
GARCH,EURUSD=X,807,2026-03-27 06:45:00,3.261660831774869,,
GARCH,EURUSD=X,807,2026-03-27 07:00:00,3.2635587743831262,,
GARCH,EURUSD=X,807,2026-03-27 07:15:00,3.2654342418937015,,
GARCH,EURUSD=X,807,2026-03-27 07:30:00,3.267287500452691,,
GARCH,EURUSD=X,807,2026-03-27 07:45:00,3.2691188130545363,,
GARCH,EURUSD=X,807,2026-03-27 08:00:00,3.2709284395793463,,
GARCH,EURUSD=X,807,2026-03-27 08:15:00,3.2727166368297747,,
GARCH,EURUSD=X,807,2026-03-27 08:30:00,3.2744836585674646,,
GARCH,EURUSD=X,807,2026-03-27 08:45:00,3.2762297555490596,,
GARCH,EURUSD=X,807,2026-03-27 09:00:00,3.277955175561787,,
GARCH,EURUSD=X,807,2026-03-27 09:15:00,3.2796601634586224,,
GARCH,EURUSD=X,807,2026-03-27 09:30:00,3.2813449611930365,,
GARCH,EURUSD=X,807,2026-03-27 09:45:00,3.28300980785333,,
GARCH,EURUSD=X,807,2026-03-27 10:00:00,3.284654939696561,,
GARCH,EURUSD=X,807,2026-03-27 10:15:00,3.2862805901820766,,
GARCH,EURUSD=X,807,2026-03-27 10:30:00,3.2878869900046377,,
GARCH,EURUSD=X,807,2026-03-27 10:45:00,3.28947436712716,,
GARCH,EURUSD=X,807,2026-03-27 11:00:00,3.2910429468130626,,
GARCH,EURUSD=X,807,2026-03-27 11:15:00,3.2925929516582357,,
GARCH,EURUSD=X,807,2026-03-27 11:30:00,3.294124601622628,,
GARCH,EURUSD=X,807,2026-03-27 11:45:00,3.2956381140614632,,
GARCH,EURUSD=X,807,2026-03-27 12:00:00,3.297133703756082,,
GARCH,EURUSD=X,807,2026-03-27 12:15:00,3.2986115829444227,,
GARCH,EURUSD=X,807,2026-03-27 12:30:00,3.300071961351141,,
GARCH,EURUSD=X,807,2026-03-27 12:45:00,3.3015150462173692,,
GARCH,EURUSD=X,807,2026-03-27 13:00:00,3.3029410423301284,,
GARCH,EURUSD=X,807,2026-03-27 13:15:00,3.3043501520513874,,
GARCH,EURUSD=X,807,2026-03-27 13:30:00,3.3057425753467804,,
GARCH,EURUSD=X,807,2026-03-27 13:45:00,3.3071185098139857,,
GARCH,EURUSD=X,807,2026-03-27 14:00:00,3.308478150710764,,
GARCH,EURUSD=X,807,2026-03-27 14:15:00,3.3098216909826688,,
GARCH,EURUSD=X,807,2026-03-27 14:30:00,3.3111493212904266,,
GARCH,EURUSD=X,807,2026-03-27 14:45:00,3.3124612300369938,,
GARCH,EURUSD=X,807,2026-03-27 15:00:00,3.3137576033942926,,
GARCH,EURUSD=X,807,2026-03-27 15:15:00,3.3150386253296302,,
GARCH,EURUSD=X,807,2026-03-27 15:30:00,3.3163044776318062,,
GARCH,EURUSD=X,807,2026-03-27 15:45:00,3.3175553399369093,,
GARCH,EURUSD=X,807,2026-03-27 16:00:00,3.31879138975381,,
GARCH,EURUSD=X,807,2026-03-27 16:15:00,3.3200128024893507,,
GARCH,EURUSD=X,807,2026-03-27 16:30:00,3.3212197514732362,,
GARCH,EURUSD=X,807,2026-03-27 16:45:00,3.322412407982633,,
GARCH,EURUSD=X,807,2026-03-27 17:00:00,3.3235909412664735,,
GARCH,EURUSD=X,807,2026-03-27 17:15:00,3.324755518569474,,
GARCH,EURUSD=X,807,2026-03-27 17:30:00,3.32590630515587,,
GARCH,EURUSD=X,807,2026-03-27 17:45:00,3.3270434643328666,,
GARCH,EURUSD=X,807,2026-03-27 18:00:00,3.328167157473813,,
GARCH,EURUSD=X,807,2026-03-27 18:15:00,3.329277544041106,,
GARCH,EURUSD=X,807,2026-03-27 18:30:00,3.330374781608816,,
GARCH,EURUSD=X,807,2026-03-27 18:45:00,3.3314590258850494,,
GARCH,EURUSD=X,807,2026-03-27 19:00:00,3.332530430734046,,
GARCH,EURUSD=X,807,2026-03-27 19:15:00,3.3335891481980116,,
GARCH,EURUSD=X,807,2026-03-27 19:30:00,3.3346353285186954,,
GARCH,EURUSD=X,807,2026-03-27 19:45:00,3.335669120158711,,
GARCH,EURUSD=X,807,2026-03-27 20:00:00,3.3366906698226044,,
GARCH,EURUSD=X,807,2026-03-27 20:15:00,3.3377001224776723,,
GARCH,EURUSD=X,807,2026-03-27 20:30:00,3.3386976213745343,,
GARCH,EURUSD=X,807,2026-03-27 20:45:00,3.3396833080674617,,
GARCH,EURUSD=X,807,2026-03-27 21:00:00,3.340657322434466,,
GARCH,EURUSD=X,807,2026-03-27 21:15:00,3.341619802697148,,
GARCH,EURUSD=X,807,2026-03-27 21:30:00,3.3425708854403124,,
GARCH,EURUSD=X,807,2026-03-27 21:45:00,3.3435107056313518,,
GARCH,EURUSD=X,807,2026-03-27 22:00:00,3.344439396639398,,
GARCH,EURUSD=X,807,2026-03-27 22:15:00,3.345357090254251,,
GARCH,EURUSD=X,807,2026-03-27 22:30:00,3.346263916705078,,
GARCH,EURUSD=X,807,2026-03-27 22:45:00,3.347160004678896,,
GARCH,EURUSD=X,807,2026-03-27 23:00:00,3.3480454813388336,,
GARCH,EURUSD=X,807,2026-03-27 23:15:00,3.3489204723421766,,
GARCH,EURUSD=X,807,2026-03-27 23:30:00,3.3497851018581994,,
GARCH,EURUSD=X,807,2026-03-27 23:45:00,3.350639492585785,,
GARCH,EURUSD=X,807,2026-03-29 23:00:00,3.3514837657708396,,
GARCH,EURUSD=X,807,2026-03-29 23:15:00,3.352318041223496,,
GARCH,EURUSD=X,807,2026-03-29 23:30:00,3.3531424373351175,,
GARCH,EURUSD=X,807,2026-03-29 23:45:00,3.353957071095097,,
GARCH,EURUSD=X,807,2026-03-30 00:00:00,3.354762058107462,,
GARCH,EURUSD=X,807,2026-03-30 00:15:00,3.355557512607275,,
GARCH,EURUSD=X,807,2026-03-30 00:30:00,3.356343547476849,,
GARCH,EURUSD=X,807,2026-03-30 00:45:00,3.3571202742617645,,
GARCH,EURUSD=X,807,2026-03-30 01:00:00,3.357887803186699,,
GARCH,EURUSD=X,807,2026-03-30 01:15:00,3.358646243171069,,
GARCH,EURUSD=X,807,2026-03-30 01:30:00,3.3593957018444858,,
GARCH,EURUSD=X,807,2026-03-30 01:45:00,3.3601362855620325,,
GARCH,EURUSD=X,807,2026-03-30 02:00:00,3.3608680994193523,,
GARCH,EURUSD=X,807,2026-03-30 02:15:00,3.3615912472675644,,
GARCH,EURUSD=X,807,2026-03-30 02:30:00,3.362305831728003,,
GARCH,EURUSD=X,807,2026-03-30 02:45:00,3.363011954206778,,
GARCH,EURUSD=X,807,2026-03-30 03:00:00,3.3637097149091653,,
GARCH,EURUSD=X,807,2026-03-30 03:15:00,3.36439921285383,,
GARCH,EURUSD=X,807,2026-03-30 03:30:00,3.3650805458868733,,
GARCH,EURUSD=X,807,2026-03-30 03:45:00,3.3657538106957228,,
GARCH,EURUSD=X,807,2026-03-30 04:00:00,3.3664191028228485,,
GARCH,EURUSD=X,807,2026-03-30 04:15:00,3.3670765166793255,,
GARCH,EURUSD=X,807,2026-03-30 04:30:00,3.367726145558229,,
GARCH,EURUSD=X,807,2026-03-30 04:45:00,3.3683680816478736,,
GARCH,EURUSD=X,807,2026-03-30 05:00:00,3.3690024160448973,,
GARCH,EURUSD=X,807,2026-03-30 05:15:00,3.3696292387671876,,
GARCH,EURUSD=X,807,2026-03-30 05:30:00,3.3702486387666557,,
GARCH,EURUSD=X,807,2026-03-30 05:45:00,3.3708607039418617,,
GARCH,EURUSD=X,807,2026-03-30 06:00:00,3.371465521150485,,
GARCH,EURUSD=X,807,2026-03-30 06:15:00,3.3720631762216526,,
GARCH,EURUSD=X,807,2026-03-30 06:30:00,3.3726537539681183,,
GARCH,EURUSD=X,807,2026-03-30 06:45:00,3.3732373381982983,,
GARCH,EURUSD=X,807,2026-03-30 07:00:00,3.373814011728164,,
GARCH,EURUSD=X,807,2026-03-30 07:15:00,3.374383856392996,,
GARCH,EURUSD=X,807,2026-03-30 07:30:00,3.3749469530589944,,
GARCH,EURUSD=X,807,2026-03-30 07:45:00,3.375503381634758,,
GARCH,EURUSD=X,807,2026-03-30 08:00:00,3.3760532210826217,,
GARCH,EURUSD=X,807,2026-03-30 08:15:00,3.3765965494298618,,
GARCH,EURUSD=X,807,2026-03-30 08:30:00,3.37713344377977,,
GARCH,EURUSD=X,807,2026-03-30 08:45:00,3.3776639803225947,,
GARCH,EURUSD=X,807,2026-03-30 09:00:00,3.3781882343463527,,
GARCH,EURUSD=X,807,2026-03-30 09:15:00,3.378706280247514,,
GARCH,EURUSD=X,807,2026-03-30 09:30:00,3.379218191541558,,
GARCH,EURUSD=X,807,2026-03-30 09:45:00,3.379724040873408,,
GARCH,EURUSD=X,807,2026-03-30 10:00:00,3.3802239000277385,,
GARCH,EURUSD=X,807,2026-03-30 10:15:00,3.3807178399391624,,
GARCH,EURUSD=X,807,2026-03-30 10:30:00,3.3812059307022984,,
GARCH,EURUSD=X,807,2026-03-30 10:45:00,3.381688241581716,,
GARCH,EURUSD=X,807,2026-03-30 11:00:00,3.3821648410217677,,
GARCH,EURUSD=X,807,2026-03-30 11:15:00,3.3826357966562988,,
GARCH,EURUSD=X,807,2026-03-30 11:30:00,3.383101175318247,,
GARCH,EURUSD=X,807,2026-03-30 11:45:00,3.3835610430491263,,
GARCH,EURUSD=X,807,2026-03-30 12:00:00,3.3840154651083996,,
GARCH,EURUSD=X,807,2026-03-30 12:15:00,3.384464505982738,,
GARCH,EURUSD=X,807,2026-03-30 12:30:00,3.3849082293951733,,
GARCH,EURUSD=X,807,2026-03-30 12:45:00,3.3853466983141405,,
GARCH,EURUSD=X,807,2026-03-30 13:00:00,3.3857799749624133,,
GARCH,EURUSD=X,807,2026-03-30 13:15:00,3.386208120825935,,
GARCH,EURUSD=X,807,2026-03-30 13:30:00,3.3866311966625426,,
GARCH,EURUSD=X,807,2026-03-30 13:45:00,3.3870492625105904,,
GARCH,EURUSD=X,807,2026-03-30 14:00:00,3.387462377697469,,
GARCH,EURUSD=X,807,2026-03-30 14:15:00,3.387870600848025,,
GARCH,EURUSD=X,807,2026-03-30 14:30:00,3.3882739898928786,,
GARCH,EURUSD=X,807,2026-03-30 14:45:00,3.3886726020766473,,
GARCH,EURUSD=X,807,2026-03-30 15:00:00,3.3890664939660673,,
GARCH,EURUSD=X,807,2026-03-30 15:15:00,3.3894557214580225,,
GARCH,EURUSD=X,807,2026-03-30 15:30:00,3.389840339787475,,
GARCH,EURUSD=X,807,2026-03-30 15:45:00,3.390220403535305,,
GARCH,EURUSD=X,807,2026-03-30 16:00:00,3.390595966636055,,
GARCH,EURUSD=X,807,2026-03-30 16:15:00,3.3909670823855844,,
GARCH,EURUSD=X,807,2026-03-30 16:30:00,3.391333803448633,,
GARCH,EURUSD=X,807,2026-03-30 16:45:00,3.3916961818662936,,
GARCH,EURUSD=X,807,2026-03-30 17:00:00,3.3920542690633986,,
GARCH,EURUSD=X,807,2026-03-30 17:15:00,3.3924081158558153,,
GARCH,EURUSD=X,807,2026-03-30 17:30:00,3.39275777245766,,
GARCH,EURUSD=X,807,2026-03-30 17:45:00,3.393103288488421,,
GARCH,EURUSD=X,807,2026-03-30 18:00:00,3.393444712980003,,
GARCH,EURUSD=X,807,2026-03-30 18:15:00,3.393782094383682,,
GARCH,EURUSD=X,807,2026-03-30 18:30:00,3.394115480576984,,
GARCH,EURUSD=X,807,2026-03-30 18:45:00,3.3944449188704775,,
GARCH,EURUSD=X,807,2026-03-30 19:00:00,3.3947704560144873,,
GARCH,EURUSD=X,807,2026-03-30 19:15:00,3.3950921382057295,,
GARCH,EURUSD=X,807,2026-03-30 19:30:00,3.3954100110938663,,
GARCH,EURUSD=X,807,2026-03-30 19:45:00,3.3957241197879857,,
GARCH,EURUSD=X,807,2026-03-30 20:00:00,3.3960345088630017,,
GARCH,EURUSD=X,807,2026-03-30 20:15:00,3.39634122236598,,
GARCH,EURUSD=X,807,2026-03-30 20:30:00,3.396644303822389,,
GARCH,EURUSD=X,807,2026-03-30 20:45:00,3.396943796242275,,
GARCH,EURUSD=X,807,2026-03-30 21:00:00,3.397239742126369,,
GARCH,EURUSD=X,807,2026-03-30 21:15:00,3.397532183472115,,
GARCH,EURUSD=X,807,2026-03-30 21:30:00,3.39782116177963,,
GARCH,EURUSD=X,807,2026-03-30 21:45:00,3.3981067180575955,,
GARCH,EURUSD=X,807,2026-03-30 22:00:00,3.3983888928290744,,
GARCH,EURUSD=X,807,2026-03-30 22:15:00,3.3986677261372633,,
GARCH,EURUSD=X,807,2026-03-30 22:30:00,3.3989432575511738,,
GARCH,EURUSD=X,807,2026-03-30 22:45:00,3.3992155261712487,,
GARCH,EURUSD=X,807,2026-03-30 23:00:00,3.399484570634911,,
GARCH,EURUSD=X,807,2026-03-30 23:15:00,3.3997504291220455,,
GARCH,EURUSD=X,807,2026-03-30 23:30:00,3.4000131393604174,,
GARCH,EURUSD=X,807,2026-03-30 23:45:00,3.4002727386310267,,
GARCH,EURUSD=X,807,2026-03-31 00:00:00,3.4005292637733984,,
GARCH,EURUSD=X,807,2026-03-31 00:15:00,3.4007827511908104,,
GARCH,EURUSD=X,807,2026-03-31 00:30:00,3.4010332368554606,,
GARCH,EURUSD=X,807,2026-03-31 00:45:00,3.401280756313568,,
GARCH,EURUSD=X,807,2026-03-31 01:00:00,3.401525344690423,,
GARCH,EURUSD=X,807,2026-03-31 01:15:00,3.401767036695365,,
GARCH,EURUSD=X,807,2026-03-31 01:30:00,3.4020058666267143,,
GARCH,EURUSD=X,807,2026-03-31 01:45:00,3.4022418683766356,,
GARCH,EURUSD=X,807,2026-03-31 02:00:00,3.402475075435948,,
GARCH,EURUSD=X,807,2026-03-31 02:15:00,3.4027055208988797,,
GARCH,EURUSD=X,807,2026-03-31 02:30:00,3.4029332374677623,,
GARCH,EURUSD=X,807,2026-03-31 02:45:00,3.4031582574576715,,
GARCH,EURUSD=X,807,2026-03-31 03:00:00,3.4033806128010147,,
GARCH,EURUSD=X,807,2026-03-31 03:15:00,3.4036003350520616,,
GARCH,EURUSD=X,807,2026-03-31 03:30:00,3.4038174553914207,,
GARCH,EURUSD=X,807,2026-03-31 03:45:00,3.4040320046304657,,
GARCH,EURUSD=X,807,2026-03-31 04:00:00,3.404244013215708,,
GARCH,EURUSD=X,807,2026-03-31 04:15:00,3.4044535112331165,,
GARCH,EURUSD=X,807,2026-03-31 04:30:00,3.4046605284123874,,
GARCH,EURUSD=X,807,2026-03-31 04:45:00,3.4048650941311633,,
GARCH,EURUSD=X,807,2026-03-31 05:00:00,3.4050672374192015,,
GARCH,EURUSD=X,807,2026-03-31 05:15:00,3.405266986962495,,
GARCH,EURUSD=X,807,2026-03-31 05:30:00,3.4054643711073425,,
GARCH,EURUSD=X,807,2026-03-31 05:45:00,3.4056594178643693,,
GARCH,EURUSD=X,807,2026-03-31 06:00:00,3.4058521549125054,,
GARCH,EURUSD=X,807,2026-03-31 06:15:00,3.4060426096029106,,
GARCH,EURUSD=X,807,2026-03-31 06:30:00,3.4062308089628592,,
GARCH,EURUSD=X,807,2026-03-31 06:45:00,3.406416779699571,,
GARCH,EURUSD=X,807,2026-03-31 07:00:00,3.4066005482040045,,
GARCH,EURUSD=X,807,2026-03-31 07:15:00,3.406782140554602,,
GARCH,EURUSD=X,807,2026-03-31 07:30:00,3.4069615825209887,,
GARCH,EURUSD=X,807,2026-03-31 07:45:00,3.4071388995676304,,
GARCH,EURUSD=X,807,2026-03-31 08:00:00,3.4073141168574477,,
GARCH,EURUSD=X,807,2026-03-31 08:15:00,3.407487259255386,,
GARCH,EURUSD=X,807,2026-03-31 08:30:00,3.4076583513319454,,
GARCH,EURUSD=X,807,2026-03-31 08:45:00,3.4078274173666654,,
GARCH,EURUSD=X,807,2026-03-31 09:00:00,3.4079944813515715,,
GARCH,EURUSD=X,807,2026-03-31 09:15:00,3.4081595669945806,,
GARCH,EURUSD=X,807,2026-03-31 09:30:00,3.4083226977228644,,
GARCH,EURUSD=X,807,2026-03-31 09:45:00,3.4084838966861746,,
GARCH,EURUSD=X,807,2026-03-31 10:00:00,3.4086431867601275,,
GARCH,EURUSD=X,807,2026-03-31 10:15:00,3.408800590549449,,
GARCH,EURUSD=X,807,2026-03-31 10:30:00,3.408956130391186,,
GARCH,EURUSD=X,807,2026-03-31 10:45:00,3.4091098283578734,,
GARCH,EURUSD=X,807,2026-03-31 11:00:00,3.4092617062606663,,
GARCH,EURUSD=X,807,2026-03-31 11:15:00,3.409411785652437,,
GARCH,EURUSD=X,807,2026-03-31 11:30:00,3.4095600878308314,,
GARCH,EURUSD=X,807,2026-03-31 11:45:00,3.4097066338412936,,
GARCH,EURUSD=X,807,2026-03-31 12:00:00,3.409851444480051,,
GARCH,EURUSD=X,807,2026-03-31 12:15:00,3.4099945402970655,,
GARCH,EURUSD=X,807,2026-03-31 12:30:00,3.4101359415989503,,
GARCH,EURUSD=X,807,2026-03-31 12:45:00,3.4102756684518507,,
GARCH,EURUSD=X,807,2026-03-31 13:00:00,3.410413740684293,,
GARCH,EURUSD=X,807,2026-03-31 13:15:00,3.410550177889998,,
GARCH,EURUSD=X,807,2026-03-31 13:30:00,3.4106849994306603,,
GARCH,EURUSD=X,807,2026-03-31 13:45:00,3.4108182244386964,,
GARCH,EURUSD=X,807,2026-03-31 14:00:00,3.410949871819961,,
GARCH,EURUSD=X,807,2026-03-31 14:15:00,3.411079960256429,,
GARCH,EURUSD=X,807,2026-03-31 14:30:00,3.411208508208847,,
GARCH,EURUSD=X,807,2026-03-31 14:45:00,3.4113355339193507,,
GARCH,EURUSD=X,807,2026-03-31 15:00:00,3.4114610554140583,,
GARCH,EURUSD=X,807,2026-03-31 15:15:00,3.4115850905056253,,
GARCH,EURUSD=X,807,2026-03-31 15:30:00,3.411707656795772,,
GARCH,EURUSD=X,807,2026-03-31 15:45:00,3.411828771677782,,
GARCH,EURUSD=X,807,2026-03-31 16:00:00,3.4119484523389723,,
GARCH,EURUSD=X,807,2026-03-31 16:15:00,3.412066715763129,,
GARCH,EURUSD=X,807,2026-03-31 16:30:00,3.4121835787329218,,
GARCH,EURUSD=X,807,2026-03-31 16:45:00,3.41229905783228,,
GARCH,EURUSD=X,807,2026-03-31 17:00:00,3.4124131694487505,,
GARCH,EURUSD=X,807,2026-03-31 17:15:00,3.412525929775822,,
GARCH,EURUSD=X,807,2026-03-31 17:30:00,3.4126373548152227,,
GARCH,EURUSD=X,807,2026-03-31 17:45:00,3.4127474603791903,,
GARCH,EURUSD=X,807,2026-03-31 18:00:00,3.4128562620927174,,
GARCH,EURUSD=X,807,2026-03-31 18:15:00,3.4129637753957685,,
GARCH,EURUSD=X,807,2026-03-31 18:30:00,3.41307001554547,,
GARCH,EURUSD=X,807,2026-03-31 18:45:00,3.4131749976182775,,
GARCH,EURUSD=X,807,2026-03-31 19:00:00,3.4132787365121127,,
GARCH,EURUSD=X,807,2026-03-31 19:15:00,3.413381246948479,,
GARCH,EURUSD=X,807,2026-03-31 19:30:00,3.413482543474551,,
GARCH,EURUSD=X,807,2026-03-31 19:45:00,3.413582640465237,,
GARCH,EURUSD=X,807,2026-03-31 20:00:00,3.413681552125222,,
GARCH,EURUSD=X,807,2026-03-31 20:15:00,3.4137792924909798,,
GARCH,EURUSD=X,807,2026-03-31 20:30:00,3.413875875432768,,
GARCH,EURUSD=X,807,2026-03-31 20:45:00,3.4139713146565946,,
GARCH,EURUSD=X,807,2026-03-31 21:00:00,3.414065623706164,,
GARCH,EURUSD=X,807,2026-03-31 21:15:00,3.4141588159647975,,
GARCH,EURUSD=X,807,2026-03-31 21:30:00,3.414250904657334,,
GARCH,EURUSD=X,807,2026-03-31 21:45:00,3.414341902852007,,
GARCH,EURUSD=X,807,2026-03-31 22:00:00,3.414431823462297,,
GARCH,EURUSD=X,807,2026-03-31 22:15:00,3.414520679248766,,
GARCH,EURUSD=X,807,2026-03-31 22:30:00,3.414608482820868,,
GARCH,EURUSD=X,807,2026-03-31 22:45:00,3.414695246638738,,
GARCH,EURUSD=X,807,2026-03-31 23:00:00,3.4147809830149587,,
GARCH,EURUSD=X,807,2026-03-31 23:15:00,3.414865704116312,,
GARCH,EURUSD=X,807,2026-03-31 23:30:00,3.414949421965502,,
GARCH,EURUSD=X,807,2026-03-31 23:45:00,3.415032148442861,,
GARCH,EURUSD=X,807,2026-04-01 00:00:00,3.4151138952880373,,
GARCH,EURUSD=X,807,2026-04-01 00:15:00,3.4151946741016608,,
GARCH,EURUSD=X,807,2026-04-01 00:30:00,3.415274496346988,,
GARCH,EURUSD=X,807,2026-04-01 00:45:00,3.4153533733515307,,
GARCH,EURUSD=X,807,2026-04-01 01:00:00,3.415431316308661,,
GARCH,EURUSD=X,807,2026-04-01 01:15:00,3.415508336279202,,
GARCH,EURUSD=X,807,2026-04-01 01:30:00,3.4155844441929952,,
GARCH,EURUSD=X,807,2026-04-01 01:45:00,3.415659650850455,,
GARCH,EURUSD=X,807,2026-04-01 02:00:00,3.4157339669240976,,
GARCH,EURUSD=X,807,2026-04-01 02:15:00,3.415807402960058,,
GARCH,EURUSD=X,807,2026-04-01 02:30:00,3.415879969379585,,
GARCH,EURUSD=X,807,2026-04-01 02:45:00,3.415951676480521,,
GARCH,EURUSD=X,807,2026-04-01 03:00:00,3.4160225344387642,,
GARCH,EURUSD=X,807,2026-04-01 03:15:00,3.41609255330971,,
GARCH,EURUSD=X,807,2026-04-01 03:30:00,3.416161743029681,,
GARCH,EURUSD=X,807,2026-04-01 03:45:00,3.4162301134173347,,
GARCH,EURUSD=X,807,2026-04-01 04:00:00,3.4162976741750586,,
GARCH,EURUSD=X,807,2026-04-01 04:15:00,3.4163644348903457,,
GARCH,EURUSD=X,807,2026-04-01 04:30:00,3.4164304050371554,,
GARCH,EURUSD=X,807,2026-04-01 04:45:00,3.416495593977259,,
GARCH,EURUSD=X,807,2026-04-01 05:00:00,3.4165600109615673,,
GARCH,EURUSD=X,807,2026-04-01 05:15:00,3.4166236651314423,,
GARCH,EURUSD=X,807,2026-04-01 05:30:00,3.416686565519997,,
GARCH,EURUSD=X,807,2026-04-01 05:45:00,3.4167487210533745,,
GARCH,EURUSD=X,807,2026-04-01 06:00:00,3.416810140552017,,
GARCH,EURUSD=X,807,2026-04-01 06:15:00,3.4168708327319166,,
GARCH,EURUSD=X,807,2026-04-01 06:30:00,3.4169308062058525,,
GARCH,EURUSD=X,807,2026-04-01 06:45:00,3.4169900694846125,,
GARCH,EURUSD=X,807,2026-04-01 07:00:00,3.4170486309782007,,
GARCH,EURUSD=X,807,2026-04-01 07:15:00,3.417106498997032,,
GARCH,EURUSD=X,807,2026-04-01 07:30:00,3.4171636817531112,,
GARCH,EURUSD=X,807,2026-04-01 07:45:00,3.4172201873611967,,
GARCH,EURUSD=X,807,2026-04-01 08:00:00,3.4172760238399547,,
GARCH,EURUSD=X,807,2026-04-01 08:15:00,3.417331199113095,,
GARCH,EURUSD=X,807,2026-04-01 08:30:00,3.417385721010497,,
GARCH,EURUSD=X,807,2026-04-01 08:45:00,3.4174395972693192,,
GARCH,EURUSD=X,807,2026-04-01 09:00:00,3.4174928355350986,,
GARCH,EURUSD=X,807,2026-04-01 09:15:00,3.417545443362835,,
GARCH,EURUSD=X,807,2026-04-01 09:30:00,3.417597428218063,,
GARCH,EURUSD=X,807,2026-04-01 09:45:00,3.417648797477912,,
GARCH,EURUSD=X,807,2026-04-01 10:00:00,3.417699558432153,,
GARCH,EURUSD=X,807,2026-04-01 10:15:00,3.417749718284232,,
GARCH,EURUSD=X,807,2026-04-01 10:30:00,3.4177992841522933,,
GARCH,EURUSD=X,807,2026-04-01 10:45:00,3.41784826307019,,
GARCH,EURUSD=X,807,2026-04-01 11:00:00,3.417896661988481,,
GARCH,EURUSD=X,807,2026-04-01 11:15:00,3.4179444877754186,,
GARCH,EURUSD=X,807,2026-04-01 11:30:00,3.417991747217922,,
GARCH,EURUSD=X,807,2026-04-01 11:45:00,3.418038447022541,,
GARCH,EURUSD=X,807,2026-04-01 12:00:00,3.418084593816407,,
GARCH,EURUSD=X,807,2026-04-01 12:15:00,3.418130194148175,,
GARCH,EURUSD=X,807,2026-04-01 12:30:00,3.4181752544889514,,
GARCH,EURUSD=X,807,2026-04-01 12:45:00,3.418219781233213,,
GARCH,EURUSD=X,807,2026-04-01 13:00:00,3.4182637806997147,,
GARCH,EURUSD=X,807,2026-04-01 13:15:00,3.4183072591323858,,
GARCH,EURUSD=X,807,2026-04-01 13:30:00,3.418350222701216,,
GARCH,EURUSD=X,807,2026-04-01 13:45:00,3.418392677503131,,
GARCH,EURUSD=X,807,2026-04-01 14:00:00,3.4184346295628574,,
GARCH,EURUSD=X,807,2026-04-01 14:15:00,3.4184760848337787,,
GARCH,EURUSD=X,807,2026-04-01 14:30:00,3.4185170491987797,,
GARCH,EURUSD=X,807,2026-04-01 14:45:00,3.41855752847108,,
GARCH,EURUSD=X,807,2026-04-01 15:00:00,3.4185975283950616,,
GARCH,EURUSD=X,807,2026-04-01 15:15:00,3.418637054647081,,
GARCH,EURUSD=X,807,2026-04-01 15:30:00,3.4186761128362777,,
GARCH,EURUSD=X,807,2026-04-01 15:45:00,3.4187147085053677,,
GARCH,EURUSD=X,807,2026-04-01 16:00:00,3.418752847131432,,
GARCH,EURUSD=X,807,2026-04-01 16:15:00,3.418790534126692,,
GARCH,EURUSD=X,807,2026-04-01 16:30:00,3.41882777483928,,
GARCH,EURUSD=X,807,2026-04-01 16:45:00,3.4188645745539947,,
GARCH,EURUSD=X,807,2026-04-01 17:00:00,3.4189009384930547,,
GARCH,EURUSD=X,807,2026-04-01 17:15:00,3.418936871816837,,
GARCH,EURUSD=X,807,2026-04-01 17:30:00,3.4189723796246114,,
GARCH,EURUSD=X,807,2026-04-01 17:45:00,3.4190074669552626,,
GARCH,EURUSD=X,807,2026-04-01 18:00:00,3.4190421387880052,,
GARCH,EURUSD=X,807,2026-04-01 18:15:00,3.4190764000430915,,
GARCH,EURUSD=X,807,2026-04-01 18:30:00,3.419110255582509,,
GARCH,EURUSD=X,807,2026-04-01 18:45:00,3.4191437102106703,,
GARCH,EURUSD=X,807,2026-04-01 19:00:00,3.419176768675095,,
GARCH,EURUSD=X,807,2026-04-01 19:15:00,3.4192094356670832,,
GARCH,EURUSD=X,807,2026-04-01 19:30:00,3.419241715822382,,
GARCH,EURUSD=X,807,2026-04-01 19:45:00,3.419273613721842,,
GARCH,EURUSD=X,807,2026-04-01 20:00:00,3.419305133892068,,
GARCH,EURUSD=X,807,2026-04-01 20:15:00,3.4193362808060637,,
GARCH,EURUSD=X,807,2026-04-01 20:30:00,3.4193670588838616,,
GARCH,EURUSD=X,807,2026-04-01 20:45:00,3.4193974724931544,,
GARCH,EURUSD=X,807,2026-04-01 21:00:00,3.4194275259499136,,
GARCH,EURUSD=X,807,2026-04-01 21:15:00,3.419457223519001,,
GARCH,EURUSD=X,807,2026-04-01 21:30:00,3.419486569414775,,
GARCH,EURUSD=X,807,2026-04-01 21:45:00,3.419515567801687,,
GARCH,EURUSD=X,807,2026-04-01 22:00:00,3.419544222794876,,
GARCH,EURUSD=X,807,2026-04-01 22:15:00,3.4195725384607494,,
GARCH,EURUSD=X,807,2026-04-01 22:30:00,3.4196005188175604,,
GARCH,EURUSD=X,807,2026-04-01 22:45:00,3.4196281678359792,,
GARCH,EURUSD=X,807,2026-04-01 23:00:00,3.4196554894396556,,
GARCH,EURUSD=X,807,2026-04-01 23:15:00,3.419682487505777,,
GARCH,EURUSD=X,807,2026-04-01 23:30:00,3.419709165865617,,
GARCH,EURUSD=X,807,2026-04-01 23:45:00,3.4197355283050803,,
GARCH,EURUSD=X,807,2026-04-02 00:00:00,3.4197615785652395,,
GARCH,EURUSD=X,807,2026-04-02 00:15:00,3.4197873203428673,,
GARCH,EURUSD=X,807,2026-04-02 00:30:00,3.419812757290958,,
GARCH,EURUSD=X,807,2026-04-02 00:45:00,3.419837893019248,,
GARCH,EURUSD=X,807,2026-04-02 01:00:00,3.41986273109473,,
GARCH,EURUSD=X,807,2026-04-02 01:15:00,3.4198872750421536,,
GARCH,EURUSD=X,807,2026-04-02 01:30:00,3.4199115283445316,,
GARCH,EURUSD=X,807,2026-04-02 01:45:00,3.419935494443631,,
GARCH,EURUSD=X,807,2026-04-02 02:00:00,3.419959176740462,,
GARCH,EURUSD=X,807,2026-04-02 02:15:00,3.41998257859576,,
GARCH,EURUSD=X,807,2026-04-02 02:30:00,3.420005703330463,,
GARCH,EURUSD=X,807,2026-04-02 02:45:00,3.4200285542261843,,
GARCH,EURUSD=X,807,2026-04-02 03:00:00,3.4200511345256763,,
GARCH,EURUSD=X,807,2026-04-02 03:15:00,3.4200734474332912,,
GARCH,EURUSD=X,807,2026-04-02 03:30:00,3.4200954961154357,,
GARCH,EURUSD=X,807,2026-04-02 03:45:00,3.420117283701021,,
GARCH,EURUSD=X,807,2026-04-02 04:00:00,3.420138813281906,,
GARCH,EURUSD=X,807,2026-04-02 04:15:00,3.420160087913336,,
GARCH,EURUSD=X,807,2026-04-02 04:30:00,3.4201811106143767,,
GARCH,EURUSD=X,807,2026-04-02 04:45:00,3.420201884368343,,
GARCH,EURUSD=X,807,2026-04-02 05:00:00,3.4202224121232225,,
GARCH,EURUSD=X,807,2026-04-02 05:15:00,3.4202426967920916,,
GARCH,EURUSD=X,807,2026-04-02 05:30:00,3.420262741253532,,
GARCH,EURUSD=X,807,2026-04-02 05:45:00,3.4202825483520365,,
GARCH,EURUSD=X,807,2026-04-02 06:00:00,3.4203021208984152,,
GARCH,EURUSD=X,807,2026-04-02 06:15:00,3.4203214616701922,,
GARCH,EURUSD=X,807,2026-04-02 06:30:00,3.4203405734120014,,
GARCH,EURUSD=X,807,2026-04-02 06:45:00,3.420359458835974,,
GARCH,EURUSD=X,807,2026-04-02 07:00:00,3.4203781206221264,,
GARCH,EURUSD=X,807,2026-04-02 07:15:00,3.4203965614187375,,
GARCH,EURUSD=X,807,2026-04-02 07:30:00,3.420414783842726,,
GARCH,EURUSD=X,807,2026-04-02 07:45:00,3.420432790480021,,
GARCH,EURUSD=X,807,2026-04-02 08:00:00,3.4204505838859305,,
GARCH,EURUSD=X,807,2026-04-02 08:15:00,3.4204681665855023,,
GARCH,EURUSD=X,807,2026-04-02 08:30:00,3.4204855410738837,,
GARCH,EURUSD=X,807,2026-04-02 08:45:00,3.420502709816674,,
GARCH,EURUSD=X,807,2026-04-02 09:00:00,3.420519675250276,,
GARCH,EURUSD=X,807,2026-04-02 09:15:00,3.42053643978224,,
GARCH,EURUSD=X,807,2026-04-02 09:30:00,3.420553005791609,,
GARCH,EURUSD=X,807,2026-04-02 09:45:00,3.4205693756292512,,
GARCH,EURUSD=X,807,2026-04-02 10:00:00,3.4205855516181973,,
GARCH,EURUSD=X,807,2026-04-02 10:15:00,3.4206015360539688,,
GARCH,EURUSD=X,807,2026-04-02 10:30:00,3.4206173312049044,,
GARCH,EURUSD=X,807,2026-04-02 10:45:00,3.4206329393124806,,
GARCH,EURUSD=X,807,2026-04-02 11:00:00,3.420648362591632,,
GARCH,EURUSD=X,807,2026-04-02 11:15:00,3.420663603231065,,
GARCH,EURUSD=X,807,2026-04-02 11:30:00,3.4206786633935646,,
GARCH,EURUSD=X,807,2026-04-02 11:45:00,3.4206935452163076,,
GARCH,EURUSD=X,807,2026-04-02 12:00:00,3.4207082508111615,,
GARCH,EURUSD=X,807,2026-04-02 12:15:00,3.420722782264985,,
GARCH,EURUSD=X,807,2026-04-02 12:30:00,3.4207371416399255,,
GARCH,EURUSD=X,807,2026-04-02 12:45:00,3.4207513309737108,,
GARCH,EURUSD=X,807,2026-04-02 13:00:00,3.4207653522799375,,
GARCH,EURUSD=X,807,2026-04-02 13:15:00,3.4207792075483576,,
GARCH,EURUSD=X,807,2026-04-02 13:30:00,3.4207928987451615,,
GARCH,EURUSD=X,807,2026-04-02 13:45:00,3.420806427813256,,
GARCH,EURUSD=X,807,2026-04-02 14:00:00,3.4208197966725407,,
GARCH,EURUSD=X,807,2026-04-02 14:15:00,3.420833007220179,,
GARCH,EURUSD=X,807,2026-04-02 14:30:00,3.42084606133087,,
GARCH,EURUSD=X,807,2026-04-02 14:45:00,3.4208589608571116,,
GARCH,EURUSD=X,807,2026-04-02 15:00:00,3.4208717076294652,,
GARCH,EURUSD=X,807,2026-04-02 15:15:00,3.4208843034568153,,
GARCH,EURUSD=X,807,2026-04-02 15:30:00,3.4208967501266256,,
GARCH,EURUSD=X,807,2026-04-02 15:45:00,3.4209090494051932,,
GARCH,EURUSD=X,807,2026-04-02 16:00:00,3.420921203037899,,
GARCH,EURUSD=X,807,2026-04-02 16:15:00,3.4209332127494543,,
GARCH,EURUSD=X,807,2026-04-02 16:30:00,3.4209450802441492,,
GARCH,EURUSD=X,807,2026-04-02 16:45:00,3.4209568072060894,,
GARCH,EURUSD=X,807,2026-04-02 17:00:00,3.4209683952994387,,
GARCH,EURUSD=X,807,2026-04-02 17:15:00,3.4209798461686547,,
GARCH,EURUSD=X,807,2026-04-02 17:30:00,3.420991161438721,,
GARCH,EURUSD=X,807,2026-04-02 17:45:00,3.421002342715378,,
GARCH,EURUSD=X,807,2026-04-02 18:00:00,3.4210133915853524,,
GARCH,EURUSD=X,807,2026-04-02 18:15:00,3.42102430961658,,
GARCH,EURUSD=X,807,2026-04-02 18:30:00,3.4210350983584306,,
GARCH,EURUSD=X,807,2026-04-02 18:45:00,3.4210457593419252,,
GARCH,EURUSD=X,807,2026-04-02 19:00:00,3.421056294079956,,
GARCH,EURUSD=X,807,2026-04-02 19:15:00,3.4210667040674987,,
GARCH,EURUSD=X,807,2026-04-02 19:30:00,3.421076990781826,,
GARCH,EURUSD=X,807,2026-04-02 19:45:00,3.4210871556827183,,
GARCH,EURUSD=X,807,2026-04-02 20:00:00,3.4210972002126683,,
GARCH,EURUSD=X,807,2026-04-02 20:15:00,3.421107125797087,,
GARCH,EURUSD=X,807,2026-04-02 20:30:00,3.421116933844506,,
GARCH,EURUSD=X,807,2026-04-02 20:45:00,3.421126625746778,,
GARCH,EURUSD=X,807,2026-04-02 21:00:00,3.4211362028792727,,
GARCH,EURUSD=X,807,2026-04-02 21:15:00,3.421145666601073,,
GARCH,EURUSD=X,807,2026-04-02 21:30:00,3.4211550182551687,,
GARCH,EURUSD=X,807,2026-04-02 21:45:00,3.4211642591686453,,
GARCH,EURUSD=X,807,2026-04-02 22:00:00,3.421173390652874,,
GARCH,EURUSD=X,807,2026-04-02 22:15:00,3.4211824140036957,,
GARCH,EURUSD=X,807,2026-04-02 22:30:00,3.421191330501607,,
GARCH,EURUSD=X,807,2026-04-02 22:45:00,3.421200141411941,,
GARCH,EURUSD=X,807,2026-04-02 23:00:00,3.4212088479850475,,
GARCH,EURUSD=X,807,2026-04-02 23:15:00,3.421217451456469,,
GARCH,EURUSD=X,807,2026-04-02 23:30:00,3.4212259530471174,,
GARCH,EURUSD=X,807,2026-04-02 23:45:00,3.421234353963446,,
GARCH,EURUSD=X,807,2026-04-03 00:00:00,3.4212426553976227,,
GARCH,EURUSD=X,807,2026-04-03 00:15:00,3.4212508585276975,,
GARCH,EURUSD=X,807,2026-04-03 00:30:00,3.4212589645177696,,
GARCH,EURUSD=X,807,2026-04-03 00:45:00,3.421266974518154,,
GARCH,EURUSD=X,807,2026-04-03 01:00:00,3.421274889665543,,
GARCH,EURUSD=X,807,2026-04-03 01:15:00,3.421282711083169,,
GARCH,EURUSD=X,807,2026-04-03 01:30:00,3.421290439880963,,
GARCH,EURUSD=X,807,2026-04-03 01:45:00,3.421298077155713,,
GARCH,EURUSD=X,807,2026-04-03 02:00:00,3.421305623991218,,
GARCH,EURUSD=X,807,2026-04-03 02:15:00,3.4213130814584436,,
GARCH,EURUSD=X,807,2026-04-03 02:30:00,3.4213204506156734,,
GARCH,EURUSD=X,807,2026-04-03 02:45:00,3.421327732508658,,
GARCH,EURUSD=X,807,2026-04-03 03:00:00,3.4213349281707655,,
GARCH,EURUSD=X,807,2026-04-03 03:15:00,3.4213420386231266,,
GARCH,EURUSD=X,807,2026-04-03 03:30:00,3.4213490648747795,,
GARCH,EURUSD=X,807,2026-04-03 03:45:00,3.4213560079228142,,
GARCH,EURUSD=X,807,2026-04-03 04:00:00,3.4213628687525133,,
GARCH,EURUSD=X,807,2026-04-03 04:15:00,3.421369648337491,,
GARCH,EURUSD=X,807,2026-04-03 04:30:00,3.4213763476398333,,
GARCH,EURUSD=X,807,2026-04-03 04:45:00,3.421382967610233,,
GARCH,EURUSD=X,807,2026-04-03 05:00:00,3.421389509188125,,
GARCH,EURUSD=X,807,2026-04-03 05:15:00,3.421395973301818,,
GARCH,EURUSD=X,807,2026-04-03 05:30:00,3.4214023608686306,,
GARCH,EURUSD=X,807,2026-04-03 05:45:00,3.4214086727950166,,
GARCH,EURUSD=X,807,2026-04-03 06:00:00,3.421414909976697,,
GARCH,EURUSD=X,807,2026-04-03 06:15:00,3.4214210732987853,,
GARCH,EURUSD=X,807,2026-04-03 06:30:00,3.421427163635913,,
GARCH,EURUSD=X,807,2026-04-03 06:45:00,3.421433181852355,,
GARCH,EURUSD=X,807,2026-04-03 07:00:00,3.421439128802152,,
GARCH,EURUSD=X,807,2026-04-03 07:15:00,3.4214450053292307,,
GARCH,EURUSD=X,807,2026-04-03 07:30:00,3.4214508122675245,,
GARCH,EURUSD=X,807,2026-04-03 07:45:00,3.421456550441091,,
GARCH,EURUSD=X,807,2026-04-03 08:00:00,3.42146222066423,,
GARCH,EURUSD=X,807,2026-04-03 08:15:00,3.4214678237415983,,
GARCH,EURUSD=X,807,2026-04-03 08:30:00,3.4214733604683243,,
GARCH,EURUSD=X,807,2026-04-03 08:45:00,3.421478831630121,,
GARCH,EURUSD=X,807,2026-04-03 09:00:00,3.421484238003395,,
GARCH,EURUSD=X,807,2026-04-03 09:15:00,3.421489580355362,,
GARCH,EURUSD=X,807,2026-04-03 09:30:00,3.4214948594441505,,
GARCH,EURUSD=X,807,2026-04-03 09:45:00,3.421500076018912,,
GARCH,EURUSD=X,807,2026-04-03 10:00:00,3.4215052308199256,,
GARCH,EURUSD=X,807,2026-04-03 10:15:00,3.4215103245787057,,
GARCH,EURUSD=X,807,2026-04-03 10:30:00,3.4215153580181035,,
GARCH,EURUSD=X,807,2026-04-03 10:45:00,3.42152033185241,,
GARCH,EURUSD=X,807,2026-04-03 11:00:00,3.4215252467874584,,
GARCH,EURUSD=X,807,2026-04-03 11:15:00,3.4215301035207224,,
GARCH,EURUSD=X,807,2026-04-03 11:30:00,3.421534902741418,,
GARCH,EURUSD=X,807,2026-04-03 11:45:00,3.4215396451305984,,
GARCH,EURUSD=X,807,2026-04-03 12:00:00,3.421544331361252,,
GARCH,EURUSD=X,807,2026-04-03 12:15:00,3.4215489620983996,,
GARCH,EURUSD=X,807,2026-04-03 12:30:00,3.4215535379991837,,
GARCH,EURUSD=X,807,2026-04-03 12:45:00,3.4215580597129676,,
GARCH,EURUSD=X,807,2026-04-03 13:00:00,3.4215625278814232,,
GARCH,EURUSD=X,807,2026-04-03 13:15:00,3.4215669431386253,,
GARCH,EURUSD=X,807,2026-04-03 13:30:00,3.4215713061111397,,
GARCH,EURUSD=X,807,2026-04-03 13:45:00,3.421575617418112,,
GARCH,EURUSD=X,807,2026-04-03 14:00:00,3.4215798776713564,,
GARCH,EURUSD=X,807,2026-04-03 14:15:00,3.421584087475442,,
GARCH,EURUSD=X,807,2026-04-03 14:30:00,3.4215882474277795,,
GARCH,EURUSD=X,807,2026-04-03 14:45:00,3.421592358118703,,
GARCH,EURUSD=X,807,2026-04-03 15:00:00,3.4215964201315585,,
GARCH,EURUSD=X,807,2026-04-03 15:15:00,3.421600434042783,,
GARCH,EURUSD=X,807,2026-04-03 15:30:00,3.4216044004219865,,
GARCH,EURUSD=X,807,2026-04-03 15:45:00,3.4216083198320355,,
GARCH,EURUSD=X,807,2026-04-03 16:00:00,3.42161219282913,,
GARCH,EURUSD=X,807,2026-04-03 16:15:00,3.421616019962884,,
GARCH,EURUSD=X,807,2026-04-03 16:30:00,3.4216198017764032,,
GARCH,EURUSD=X,807,2026-04-03 16:45:00,3.4216235388063616,,
GARCH,EURUSD=X,807,2026-04-03 17:00:00,3.421627231583078,,
GARCH,EURUSD=X,807,2026-04-03 17:15:00,3.4216308806305915,,
GARCH,EURUSD=X,807,2026-04-03 17:30:00,3.421634486466736,,
GARCH,EURUSD=X,807,2026-04-03 17:45:00,3.421638049603212,,
GARCH,EURUSD=X,807,2026-04-03 18:00:00,3.4216415705456615,,
GARCH,EURUSD=X,807,2026-04-03 18:15:00,3.4216450497937387,,
GARCH,EURUSD=X,807,2026-04-03 18:30:00,3.421648487841181,,
GARCH,EURUSD=X,807,2026-04-03 18:45:00,3.421651885175879,,
GARCH,EURUSD=X,807,2026-04-03 19:00:00,3.421655242279946,,
GARCH,EURUSD=X,807,2026-04-03 19:15:00,3.421658559629786,,
GARCH,EURUSD=X,807,2026-04-03 19:30:00,3.4216618376961607,,
GARCH,EURUSD=X,807,2026-04-03 19:45:00,3.4216650769442585,,
GARCH,EURUSD=X,807,2026-04-03 20:00:00,3.421668277833758,,
GARCH,EURUSD=X,807,2026-04-03 20:15:00,3.421671440818896,,
GARCH,EURUSD=X,807,2026-04-03 20:30:00,3.421674566348528,,
GARCH,EURUSD=X,807,2026-04-03 20:45:00,3.421677654866196,,
GARCH,EURUSD=X,807,2026-04-03 21:00:00,3.4216807068101884,,
GARCH,EURUSD=X,807,2026-04-03 21:15:00,3.421683722613605,,
GARCH,EURUSD=X,807,2026-04-03 21:30:00,3.421686702704416,,
GARCH,EURUSD=X,807,2026-04-03 21:45:00,3.4216896475055236,,
GARCH,EURUSD=X,807,2026-04-03 22:00:00,3.421692557434822,,
GARCH,EURUSD=X,807,2026-04-03 22:15:00,3.4216954329052562,,
GARCH,EURUSD=X,807,2026-04-03 22:30:00,3.421698274324883,,
GARCH,EURUSD=X,807,2026-04-03 22:45:00,3.4217010820969254,,
GARCH,EURUSD=X,807,2026-04-05 23:00:00,3.421703856619833,,
GARCH,EURUSD=X,807,2026-04-05 23:15:00,3.4217065982873347,,
GARCH,EURUSD=X,807,2026-04-05 23:30:00,3.4217093074884994,,
GARCH,EURUSD=X,807,2026-04-05 23:45:00,3.4217119846077875,,
GARCH,EURUSD=X,807,2026-04-06 00:00:00,3.4217146300251065,,
GARCH,EURUSD=X,807,2026-04-06 00:15:00,3.421717244115866,,
GARCH,EURUSD=X,807,2026-04-06 00:30:00,3.421719827251029,,
GARCH,EURUSD=X,807,2026-04-06 00:45:00,3.421722379797166,,
GARCH,EURUSD=X,807,2026-04-06 01:00:00,3.4217249021165075,,
GARCH,EURUSD=X,807,2026-04-06 01:15:00,3.421727394566993,,
GARCH,EURUSD=X,807,2026-04-06 01:30:00,3.421729857502325,,
GARCH,EURUSD=X,807,2026-04-06 01:45:00,3.4217322912720167,,
GARCH,EURUSD=X,807,2026-04-06 02:00:00,3.4217346962214417,,
GARCH,EURUSD=X,807,2026-04-06 02:15:00,3.4217370726918848,,
GARCH,EURUSD=X,807,2026-04-06 02:30:00,3.421739421020589,,
GARCH,EURUSD=X,807,2026-04-06 02:45:00,3.421741741540804,,
GARCH,EURUSD=X,807,2026-04-06 03:00:00,3.4217440345818324,,
GARCH,EURUSD=X,807,2026-04-06 03:15:00,3.4217463004690782,,
GARCH,EURUSD=X,807,2026-04-06 03:30:00,3.421748539524091,,
GARCH,EURUSD=X,807,2026-04-06 03:45:00,3.4217507520646144,,
GARCH,EURUSD=X,807,2026-04-06 04:00:00,3.421752938404628,,
GARCH,EURUSD=X,807,2026-04-06 04:15:00,3.4217550988543928,,
GARCH,EURUSD=X,807,2026-04-06 04:30:00,3.421757233720497,,
GARCH,EURUSD=X,807,2026-04-06 04:45:00,3.421759343305898,,
